gram	shape	motility	oxygen	temperature	observed (all species)	global: expected	global: q	global: testable	global: empty✗	phylum: expected	phylum: q	phylum: testable	phylum: empty✗	phylum: observed (kept species)	phylum: emptied by exclusion	class: expected	class: q	class: testable	class: empty✗	class: observed (kept species)	class: emptied by exclusion	order: expected	order: q	order: testable	order: empty✗	order: observed (kept species)	order: emptied by exclusion	global: q (seed 2)	global: empty✗ (seed 2)	order: q (seed 2)	order: empty✗ (seed 2)	category
negative	rod	no	aerobe	psychro	19	12.921719361598754	1.0	True	False	19.45748159349548	0.8797061470323557	True	False	19	False	18.050814606440916	1.0	True	False	19	False	17.548043907160967	1.0	True	False	19	False	1.0	False	1.0	False	
negative	rod	no	aerobe	meso	1124	1161.231846629008	0.0958944105589441	True	False	1168.4796388413838	0.0017698230176982303	True	False	1122	False	1173.980258783103	0.0005888300058883001	True	False	1121	False	1155.3218464876968	0.0016331700163317003	True	False	1104	False	0.09296461658182008	False	0.0016331700163317003	False	
negative	rod	no	aerobe	thermo	11	39.195882063516216	0.00041534308107650774	True	False	13.11072510164626	0.5499772603384823	True	False	11	False	9.763302165449035	1.0	True	False	11	False	8.14773813380248	1.0	True	False	10	False	0.00038567571814247147	False	1.0	False	
negative	rod	no	facultative	psychro	1	3.731035128406482	0.20170840058851258	True	False	3.3895124783270623	0.35652956443486084	True	False	1	False	3.420660705044906	0.3524147585241476	True	False	1	False	3.7121816747842997	0.3780160445493912	True	False	1	False	0.212700158555573	False	0.39836785552214005	False	
negative	rod	no	facultative	meso	198	335.2956902061292	0.00041534308107650774	True	False	231.86396802675105	0.00491617504916175	True	False	198	False	205.22531945402943	0.5548986767989867	True	False	198	False	188.59635369435392	1.0	True	False	191	False	0.00038567571814247147	False	1.0	False	
negative	rod	no	facultative	thermo	3	11.317473222832996	0.010798920107989201	True	False	3.9056306419427225	0.8231520597940206	True	False	3	False	2.8356896159508818		False	False	3	False	2.0626602379004		False	False	2	False	0.007289271072892711	False		False	
negative	rod	no	anaerobe	psychro	0	1.9331446377066304		False	False	1.7292080917571695		False	False	0	False	1.7015859717731194		False	False	0	False	0.33972491277766015		False	False	0	False		False		False	empty, untestable under every null
negative	rod	no	anaerobe	meso	129	173.72526477523584	0.00041534308107650774	True	False	114.61577279510756	1.0	True	False	129	False	129.36419304490317	0.9601504135300756	True	False	129	False	118.0196563544628	1.0	True	False	122	False	0.00038567571814247147	False	1.0	False	
negative	rod	no	anaerobe	thermo	15	5.863872067710112	1.0	True	False	7.904543416078901	1.0	True	False	11	False	8.824517990981562	0.11446855314468554	True	False	5	False	3.4671738227916586	0.0593385105933851	True	False	0	True	1.0	False	0.0549833905498339	False	
negative	rod	yes	aerobe	psychro	19	9.617279673462352	1.0	True	False	16.89762640204676	1.0	True	False	19	False	17.186922712738372	1.0	True	False	19	False	15.870194856274445	1.0	True	False	19	False	1.0	False	1.0	False	
negative	rod	yes	aerobe	meso	1204	864.27286665515	1.0	True	False	1166.1504062866065	1.0	True	False	1200	False	1142.1408835294358	1.0	True	False	1199	False	1132.6287371551903	1.0	True	False	1177	False	1.0	False	1.0	False	
negative	rod	yes	aerobe	thermo	13	29.17241500950247	0.0007713514362849429	True	False	11.31121737839617	1.0	True	False	12	False	9.589758679194057	1.0	True	False	12	False	9.113785663413339	1.0	True	False	12	False	0.0012704611891752	False	1.0	False	
negative	rod	yes	facultative	psychro	8	2.776906640461047		False	False	4.804274490658874	1.0	True	False	8	False	6.4020945639493965	1.0	True	False	8	False	11.072359156560033	0.4746400359964004	True	False	8	False		False	0.4847452754724528	False	
negative	rod	yes	facultative	meso	368	249.5513434227661	1.0	True	False	333.38180994074474	1.0	True	False	366	False	342.5399296759934	1.0	True	False	366	False	348.2354549465674	1.0	True	False	359	False	1.0	False	1.0	False	
negative	rod	yes	facultative	thermo	10	8.423283476065176	1.0	True	False	7.365268706739036	1.0	True	False	10	False	6.550822710128081	1.0	True	False	9	False	5.2120539841060705	1.0	True	False	7	False	1.0	False	1.0	False	
negative	rod	yes	anaerobe	psychro	1	1.438786287630569		False	False	0.9395601346540748		False	False	1	False	0.9538786570133896		False	False	1	False	0.687984251209864		False	False	1	False		False		False	
negative	rod	yes	anaerobe	meso	83	129.29892771506712	0.00041534308107650774	True	False	88.07186602877276	0.5156521384898547	True	False	83	False	87.72070798056134	0.12818093190680932	True	False	77	False	74.03125177728184	0.4746400359964004	True	False	69	False	0.00038567571814247147	False	0.4847452754724528	False	
negative	rod	yes	anaerobe	thermo	33	4.3643184058127265	1.0	True	False	18.61945639802766	1.0	True	False	32	False	19.432178145509177	1.0	True	False	25	False	8.811701373840204	1.0	True	False	13	False	1.0	False	1.0	False	
negative	coccus	no	aerobe	psychro	1	1.335424553269829		False	False	0.9543162532718392		False	False	1	False	0.8010535908400531		False	False	1	False	0.3954191488329845		False	False	1	False		False		False	
negative	coccus	no	aerobe	meso	71	120.01015318718196	0.00041534308107650774	True	False	49.179085305539814	1.0	True	False	71	False	45.67504140101622	1.0	True	False	70	False	47.60058457374291	1.0	True	False	69	False	0.00038567571814247147	False	1.0	False	
negative	coccus	no	aerobe	thermo	1	4.050787811585148	0.1665525755116796	True	False	2.8716560607982746		False	False	1	False	2.186222964045195		False	False	1	False	2.408302833071654		False	False	1	False	0.1745825417458254	False		False	
negative	coccus	no	facultative	psychro	0	0.38559233335414267		False	False	0.15285956074985274		False	False	0	False	0.12951284647174918		False	False	0	False	0.06331746662998837		False	False	0	False		False		False	empty, untestable under every null
negative	coccus	no	facultative	meso	8	34.65189769075895	0.00041534308107650774	True	False	12.82296131591263	0.27474395417601094	True	False	8	False	8.624155749224506	0.9601504135300756	True	False	8	False	6.676695504045368	1.0	True	False	8	False	0.00038567571814247147	False	1.0	False	
negative	coccus	no	facultative	thermo	0	1.1696300778408995		False	False	0.7640566810525781		False	False	0	False	0.2757246993882215		False	False	0	False	0.15271339480190546		False	False	0	False		False		False	empty, untestable under every null
negative	coccus	no	anaerobe	psychro	0	0.1997852408006433		False	False	0.06929308437013869		False	False	0	False	0.04024627684561724		False	False	0	False	0.005217732967033756		False	False	0	False		False		False	empty, untestable under every null
negative	coccus	no	anaerobe	meso	25	17.954033639951145	1.0	True	False	6.241882317238751	1.0	True	False	25	False	13.420893082520994	1.0	True	False	20	False	17.38547217548794	0.4746400359964004	True	False	15	False	1.0	False	0.4528547145285472	False	
negative	coccus	no	anaerobe	thermo	0	0.606015230428618		False	False	0.9498995253532047		False	False	0	False	0.5483054869090469		False	False	0	False	0.10536388349069932		False	False	0	False		False		False	empty, untestable under every null
negative	coccus	yes	aerobe	psychro	1	0.9939196984707953		False	False	0.594029522388302		False	False	1	False	0.5032817052644044		False	False	1	False	0.2751899044065		False	False	1	False		False		False	
negative	coccus	yes	aerobe	meso	17	89.3202502359088	0.00041534308107650774	True	False	46.717221955849666	0.0007374262573742626	True	False	17	False	41.902849491988896	0.0005888300058883001	True	False	16	False	38.131846451346604	0.0016331700163317003	True	False	15	False	0.00038567571814247147	False	0.0016331700163317003	False	
negative	coccus	yes	aerobe	thermo	0	3.014889752028079	0.0958944105589441	True	False	0.7326118653387754		False	False	0	False	0.4013549427118381		False	False	0	False	0.38006670559860817		False	False	0	False	0.10950104989501051	False		False	empty, testable, not significant under any null
negative	coccus	yes	facultative	psychro	0	0.2869857490350956		False	False	0.1849839298949715		False	False	0	False	0.2015182551457613		False	False	0	False	0.1510491403202579		False	False	0	False		False		False	empty, untestable under every null
negative	coccus	yes	facultative	meso	3	25.790452646620594	0.00041534308107650774	True	False	15.86718223232792	0.0007374262573742626	True	False	3	False	12.830001829763596	0.0005888300058883001	True	False	2	False	7.081393588393796	0.07202279772022799	True	False	2	False	0.00038567571814247147	False	0.06173382661733827	False	
negative	coccus	yes	facultative	thermo	0	0.8705234387397901		False	False	0.4998364457968185		False	False	0	False	0.23089613637695122		False	False	0	False	0.06991154130042204		False	False	0	False		False		False	empty, untestable under every null
negative	coccus	yes	anaerobe	psychro	0	0.14869464980951907		False	False	0.031303786153867		False	False	0	False	0.027511026615626988		False	False	0	False	0.01237106450206002		False	False	0	False		False		False	empty, untestable under every null
negative	coccus	yes	anaerobe	meso	2	13.362692529548779	0.0010798920107989202	True	False	4.893432894238398	0.316422903164229	True	False	2	False	7.402064082993995	0.02561410525614105	True	False	2	False	2.2715386009680927		False	False	1	False	0.00038567571814247147	False		False	
negative	coccus	yes	anaerobe	thermo	0	0.45104043775554115		False	False	0.3448863766214356		False	False	0	False	0.4080926429801501		False	False	0	False	0.04769488691083332		False	False	0	False		False		False	empty, untestable under every null
negative	other	no	aerobe	psychro	0	0.9731838849739647		False	False	0.8199112569369482		False	False	0	False	0.6662571605491178		False	False	0	False	0.36763102096904915		False	False	0	False		False		False	empty, untestable under every null
negative	other	no	aerobe	meso	84	87.45679179632695	0.6254664856095036	True	False	56.69050333572599	1.0	True	False	84	False	59.26815528773414	1.0	True	False	84	False	56.13663853306441	1.0	True	False	81	False	0.6089197531859717	False	1.0	False	
negative	other	no	aerobe	thermo	1	2.951991117754359		False	False	1.8524641285994088		False	False	1	False	0.9041578961210531		False	False	1	False	0.6110580956100278		False	False	1	False		False		False	
negative	other	no	facultative	psychro	0	0.2809984615536263		False	False	0.19555574093176448		False	False	0	False	0.1799807426483699		False	False	0	False	0.13562332810758432		False	False	0	False		False		False	empty, untestable under every null
negative	other	no	facultative	meso	12	25.252395078285883	0.004262731621574685	True	False	14.690965484308693	0.5499772603384823	True	False	12	False	12.90784117512369	0.9565543445655434	True	False	12	False	9.396154698637432	1.0	True	False	10	False	0.007289271072892711	False	1.0	False	
negative	other	no	facultative	thermo	1	0.8523620000459997		False	False	0.8305233656485149		False	False	1	False	0.8865415519380777		False	False	1	False	0.08341027255517286		False	False	0	True		False		False	
negative	other	no	anaerobe	psychro	0	0.14559248317455792		False	False	0.05177075377318553		False	False	0	False	0.04514902784981592		False	False	0	False	0.015292732436999645		False	False	0	False		False		False	empty, untestable under every null
negative	other	no	anaerobe	meso	19	13.08391115462027	1.0	True	False	9.411907078651808	1.0	True	False	19	False	14.13791793160945	1.0	True	False	18	False	17.1487878511745	1.0	True	False	18	False	1.0	False	1.0	False	
negative	other	no	anaerobe	thermo	3	0.441630532296159		False	False	3.4375822285521243	0.5499772603384823	True	False	2	False	2.992807286796412		False	False	2	False	2.2382923838154283		False	False	2	False		False		False	
negative	other	yes	aerobe	psychro	0	0.7243139503026039		False	False	1.0491659208925315		False	False	0	False	0.9338141549245124		False	False	0	False	0.6655972617803664		False	False	0	False		False		False	empty, untestable under every null
negative	other	yes	aerobe	meso	52	65.09168033386068	0.09056367090563672	True	False	79.68001220276207	0.0007374262573742626	True	False	51	False	75.13572078871962	0.0005888300058883001	True	False	47	False	69.97308068668605	0.0016331700163317003	True	False	44	False	0.09296461658182008	False	0.0016331700163317003	False	
negative	other	yes	aerobe	thermo	0	2.197085649251232		False	False	0.8709693337435651		False	False	0	False	0.577179864221272		False	False	0	False	0.6903379553106128		False	False	0	False		False		False	empty, untestable under every null
negative	other	yes	facultative	psychro	1	0.20913941225229643		False	False	0.36144690090944803		False	False	1	False	0.41756084106526264		False	False	1	False	0.5518833876827473		False	False	1	False		False		False	
negative	other	yes	facultative	meso	17	18.794661847739704	0.6563718628137186	True	False	24.632050603015973	0.13941237455201846	True	False	17	False	23.10639071869358	0.23596587709650088	True	False	17	False	19.280039401941195	0.8318279283182792	True	False	17	False	0.6707141785821418	False	0.8459820684598207	False	
negative	other	yes	facultative	thermo	0	0.6343895504986325		False	False	0.44126949374834656		False	False	0	False	0.37693818431065		False	False	0	False	0.32803637080081194		False	False	0	False		False		False	empty, untestable under every null
negative	other	yes	anaerobe	psychro	0	0.10836047354539852		False	False	0.05543716741082374		False	False	0	False	0.05223629060953104		False	False	0	False	0.038985430212369034		False	False	0	False		False		False	empty, untestable under every null
negative	other	yes	anaerobe	meso	25	9.737994555946479	1.0	True	False	17.246637082860435	1.0	True	False	25	False	17.316997202444917	1.0	True	False	24	False	12.992825670471133	1.0	True	False	16	False	1.0	False	1.0	False	
negative	other	yes	anaerobe	thermo	5	0.32869343642104215		False	False	3.812362055494561	1.0	True	False	5	False	1.8021086913386988		False	False	2	False	1.25327393175192		False	False	1	False		False		False	
positive	rod	no	aerobe	psychro	2	7.3684051878012955	0.04473838330452669	True	False	3.6290930823493297	0.4908309169083091	True	False	2	False	3.6377042048682067	0.4829744298297443	True	False	2	False	2.7462386285655214		False	False	2	False	0.037539103232533885	False		False	
positive	rod	no	aerobe	meso	660	662.1740128770764	0.7546154475461545	True	False	749.6909318963276	0.0007374262573742626	True	False	660	False	758.0504354838748	0.0005888300058883001	True	False	658	False	681.4409726150167	0.0024497550244975503	True	False	651	False	0.7468723715863708	False	0.0036746325367463255	False	
positive	rod	no	aerobe	thermo	16	22.35082906966393	0.1787821217878212	True	False	18.6239775806051	0.5499772603384823	True	False	16	False	14.361175350246032	1.0	True	False	15	False	14.525168022834496	0.8634803186348032	True	False	13	False	0.1745825417458254	False	0.8508815785088159	False	
positive	rod	no	facultative	psychro	0	2.127563509676606		False	False	0.7688920705615921		False	False	0	False	0.7327103663462792		False	False	0	False	0.8729294182153403		False	False	0	False		False		False	empty, untestable under every null
positive	rod	no	facultative	meso	209	191.19704073627102	1.0	True	False	207.06214039764168	0.9561827601023682	True	False	209	False	216.16058089877552	0.52994700529947	True	False	209	False	225.4370523313717	0.04103339666033397	True	False	209	False	1.0	False	0.03980851914808519	False	
positive	rod	no	facultative	thermo	2	6.453609312685705	0.0958944105589441	True	False	13.475212941263617	0.0013109800131098004	True	False	2	False	9.339208678284365	0.01377862213778622	True	False	2	False	1.909579119772891		False	False	2	False	0.09314068593140686	False		False	
positive	rod	no	anaerobe	psychro	1	1.1023450191604698		False	False	0.4730482894150187		False	False	1	False	0.5610611471913969		False	False	1	False	0.5824103182636046		False	False	1	False		False		False	
positive	rod	no	anaerobe	meso	130	99.06407238855422	1.0	True	False	136.25799504578467	0.5155176790013306	True	False	130	False	116.97887750338323	1.0	True	False	130	False	110.87708243106765	1.0	True	False	128	False	1.0	False	1.0	False	
positive	rod	no	anaerobe	thermo	10	3.343779891453425	1.0	True	False	8.216565310365567	1.0	True	False	10	False	10.9263485196943	0.3936749182224635	True	False	8	False	5.70041541850581	0.10819751358197514	True	False	2	False	1.0	False	0.10574775855747759	False	
positive	rod	yes	aerobe	psychro	3	5.48410095092084	0.35766768150771133	True	False	0.7317073079194389		False	False	3	False	0.7046436130164028		False	False	3	False	0.9375082035372277		False	False	3	False	0.3599019408403987	False		False	
positive	rod	yes	aerobe	meso	315	492.8378721227528	0.00041534308107650774	True	False	185.82617534562513	1.0	True	False	315	False	200.7194154550043	1.0	True	False	315	False	289.6231696445186	1.0	True	False	311	False	0.00038567571814247147	False	1.0	False	
positive	rod	yes	aerobe	thermo	25	16.635106217793215	1.0	True	False	11.363348895341858	1.0	True	False	25	False	8.099882629949793	1.0	True	False	25	False	22.098509228093413	1.0	True	False	23	False	1.0	False	1.0	False	
positive	rod	yes	facultative	psychro	1	1.583486896985313		False	False	0.4049066948614034		False	False	1	False	0.38067598658546814		False	False	1	False	0.426570854009672		False	False	1	False		False		False	
positive	rod	yes	facultative	meso	99	142.30268914241347	0.00041534308107650774	True	False	124.17736784826428	0.0037541700375417005	True	False	99	False	138.08790627774735	0.0005888300058883001	True	False	99	False	91.22790120030994	1.0	True	False	97	False	0.00038567571814247147	False	1.0	False	
positive	rod	yes	facultative	thermo	4	4.803243587522116	0.7578300993430068	True	False	11.072988672260998	0.03932940039329401	True	False	4	False	7.861011448836134	0.23199902231999023	True	False	4	False	5.356325380977615	0.8634803186348032	True	False	4	False	0.7468723715863708	False	0.8508815785088159	False	
positive	rod	yes	anaerobe	psychro	0	0.8204450235485354		False	False	0.244792521520376		False	False	0	False	0.2999232701027168		False	False	0	False	0.4943749007980044		False	False	0	False		False		False	empty, untestable under every null
positive	rod	yes	anaerobe	meso	42	73.7306594495617	0.00041534308107650774	True	False	75.2742563546755	0.0007374262573742626	True	False	42	False	51.15882296461363	0.09009099090090991	True	False	42	False	47.848914716799236	0.10819751358197514	True	False	40	False	0.00038567571814247147	False	0.10155348101553482	False	
positive	rod	yes	anaerobe	thermo	22	2.4886832380972237		False	False	6.708632992080378	1.0	True	False	22	False	13.256097209280998	1.0	True	False	20	False	10.015975177168224	1.0	True	False	14	False		False	1.0	False	
positive	coccus	no	aerobe	psychro	1	0.7615046365635649		False	False	0.7974714094093157		False	False	1	False	0.8089263357567992		False	False	1	False	0.8912503450422944		False	False	1	False		False		False	
positive	coccus	no	aerobe	meso	165	68.43388333917903	1.0	True	False	146.58086387632486	1.0	True	False	165	False	152.94765965654722	1.0	True	False	165	False	138.35462827985714	1.0	True	False	164	False	1.0	False	1.0	False	
positive	coccus	no	aerobe	thermo	2	2.309897397576147		False	False	5.875859183916328	0.16931306869313067	True	False	2	False	4.7525790598286175	0.1290576824670474	True	False	1	False	1.777168622066565		False	False	1	False		False		False	
positive	coccus	no	facultative	psychro	1	0.2198779024644861		False	False	0.18410635129101047		False	False	1	False	0.18392005567243003		False	False	1	False	0.4690818638570209		False	False	1	False		False		False	
positive	coccus	no	facultative	meso	148	19.759694168141817	1.0	True	False	50.36837314492337	1.0	True	False	147	False	57.25391674406089	1.0	True	False	147	False	135.8808017082898	1.0	True	False	147	False	1.0	False	1.0	False	
positive	coccus	no	facultative	thermo	0	0.6669629708089412		False	False	3.8344241590276678	0.06489351064893512	True	False	0	False	2.846555632545964		False	False	0	False	0.1447111443569642		False	False	0	False		False		False	empty, testable, not significant under any null
positive	coccus	no	anaerobe	psychro	0	0.11392435972076823		False	False	0.10630521142407429		False	False	0	False	0.07983153968981241		False	False	0	False	0.07508712632934121		False	False	0	False		False		False	empty, untestable under every null
positive	coccus	no	anaerobe	meso	27	10.238002460239704	1.0	True	False	32.29102718776836	0.4082883378328834	True	False	27	False	19.4835420823583	1.0	True	False	25	False	25.65268358438944	0.8634803186348032	True	False	24	False	1.0	False	0.8508815785088159	False	
positive	coccus	no	anaerobe	thermo	0	0.3455705578196636		False	False	2.495459003359962		False	False	0	False	1.1249369088347134		False	False	0	False	0.36095967605738866		False	False	0	False		False		False	empty, untestable under every null
positive	coccus	yes	aerobe	psychro	0	0.5667669183587647		False	False	0.15612186551490473		False	False	0	False	0.15938198616614385		False	False	0	False	0.14864878930125217		False	False	0	False		False		False	empty, untestable under every null
positive	coccus	yes	aerobe	meso	18	50.93345372984099	0.00041534308107650774	True	False	43.86244352883586	0.0007374262573742626	True	False	18	False	51.35870862750273	0.0005888300058883001	True	False	18	False	27.219806058837342	0.030096990300969906	True	False	17	False	0.00038567571814247147	False	0.03569643035696431	False	
positive	coccus	yes	aerobe	thermo	0	1.7191929856882529		False	False	3.1302066563147544	0.13499238311462972	True	False	0	False	2.4513883757990254		False	False	0	False	0.5640264014229756		False	False	0	False		False		False	empty, testable, not significant under any null
positive	coccus	yes	facultative	psychro	0	0.16364906424910977		False	False	0.1069947659551981		False	False	0	False	0.10969846339083755		False	False	0	False	0.04413728404903167		False	False	0	False		False		False	empty, untestable under every null
positive	coccus	yes	facultative	meso	3	14.706595907186664	0.0013498650134986501	True	False	33.760671201477145	0.0007374262573742626	True	False	3	False	41.6299017970772	0.0005888300058883001	True	False	3	False	10.442450280166542	0.0212312102123121	True	False	3	False	0.0020997900209979003	False	0.01878145518781455	False	
positive	coccus	yes	facultative	thermo	0	0.4964021615556329		False	False	3.0931651898668413	0.13765290137652902	True	False	0	False	2.4258637618744907		False	False	0	False	0.12773548388486988		False	False	0	False		False		False	empty, testable, not significant under any null
positive	coccus	yes	anaerobe	psychro	0	0.08479076184790302		False	False	0.06478229046930765		False	False	0	False	0.04214059883618187		False	False	0	False	0.013143536770478718		False	False	0	False		False		False	empty, untestable under every null
positive	coccus	yes	anaerobe	meso	0	7.619863131398218	0.0017998200179982003	True	True	20.532917159099686	0.0007374262573742626	True	True	0	False	7.96290460803043	0.0005888300058883001	True	True	0	False	5.441961761577867	0.010778922107789222	True	True	0	False	0.0010123987601239877	True	0.009799020097990201	True	SURVIVES order-level shuffle (both seeds)
positive	coccus	yes	anaerobe	thermo	0	0.2571986442719725		False	False	1.8873087021241393		False	False	0	False	0.769417554925445		False	False	0	False	0.1775694569260424		False	False	0	False		False		False	empty, untestable under every null
positive	other	no	aerobe	psychro	0	0.5549426501272942		False	False	0.3981988073348447		False	False	0	False	0.39459360185492903		False	False	0	False	0.20888553644104108		False	False	0	False		False		False	empty, untestable under every null
positive	other	no	aerobe	meso	84	49.87084615810617	1.0	True	False	84.11276845057273	0.8868779788687797	True	False	84	False	82.26129675713243	1.0	True	False	84	False	84.23160500007126	1.0	True	False	84	False	1.0	False	1.0	False	
positive	other	no	aerobe	thermo	3	1.683326038719459		False	False	1.709294860364649		False	False	3	False	2.7872852189571877		False	False	3	False	3.4992415775730112	1.0	True	False	3	False		False	1.0	False	
positive	other	no	facultative	psychro	0	0.16023490867857285		False	False	0.06194650781120436		False	False	0	False	0.057532791485423014		False	False	0	False	0.08551615072933631		False	False	0	False		False		False	empty, untestable under every null
positive	other	no	facultative	meso	31	14.39977712658108	1.0	True	False	15.420300441847491	1.0	True	False	31	False	14.477364901337255	1.0	True	False	31	False	25.18906862302713	1.0	True	False	31	False	1.0	False	1.0	False	
positive	other	no	facultative	thermo	2	0.4860458896583376		False	False	0.924370036000726		False	False	2	False	0.8783502391703617		False	False	2	False	0.5387047322065855		False	False	2	False		False		False	
positive	other	no	anaerobe	psychro	0	0.08302180060622784		False	False	0.038237118318848046		False	False	0	False	0.040865156884956504		False	False	0	False	0.028079938844335062		False	False	0	False		False		False	empty, untestable under every null
positive	other	no	anaerobe	meso	10	7.460892481146341	1.0	True	False	10.749519732031468	0.8679283586792836	True	False	10	False	11.518292551499927	0.7236956304369564	True	False	10	False	11.148325408510209	0.8750079537500796	True	False	10	False	1.0	False	0.8663224586632245	False	
positive	other	no	anaerobe	thermo	0	0.2518327951722244		False	False	1.4099434400532178		False	False	0	False	0.4981421184108527		False	False	0	False	0.2309975235655172		False	False	0	False		False		False	empty, untestable under every null
positive	other	yes	aerobe	psychro	0	0.4130285235003143		False	False	0.060129956085893256		False	False	0	False	0.055588676650492524		False	False	0	False	0.04270924357673014		False	False	0	False		False		False	empty, untestable under every null
positive	other	yes	aerobe	meso	5	37.11749664522824	0.00041534308107650774	True	False	14.421184744296248	0.012252620891756978	True	False	5	False	13.432723006004878	0.0197525701975257	True	False	5	False	6.85349076788066	0.824270514125058	True	False	5	False	0.00038567571814247147	False	0.8121658422393054	False	
positive	other	yes	aerobe	thermo	0	1.2528531879509532		False	False	0.6111798074392695		False	False	0	False	0.34958223634251523		False	False	0	False	0.5708736614059248		False	False	0	False		False		False	empty, untestable under every null
positive	other	yes	facultative	psychro	0	0.1192584273880152		False	False	0.02218148633733005		False	False	0	False	0.01821866773512214		False	False	0	False	0.010391283420314748		False	False	0	False		False		False	empty, untestable under every null
positive	other	yes	facultative	meso	1	10.717357341269633	0.001588076486469	True	False	6.563163000944209	0.03286814175725285	True	False	1	False	6.096934933427326	0.03994985116872928	True	False	1	False	1.9590654553165796		False	False	0	True	0.00071992800719928	False		False	
positive	other	yes	facultative	thermo	0	0.36175056307697945		False	False	0.5446390502031647		False	False	0	False	0.31806890040112074		False	False	0	False	0.016685896549792873		False	False	0	False		False		False	empty, untestable under every null
positive	other	yes	anaerobe	psychro	0	0.061790838593613534		False	False	0.01334719479781859		False	False	0	False	0.01850440197647504		False	False	0	False	0.014970200634243565		False	False	0	False		False		False	empty, untestable under every null
positive	other	yes	anaerobe	meso	4	5.5529366949460695	0.6254664856095036	True	False	4.4105969157613005	0.8868779788687797	True	False	4	False	3.721394541762888	1.0	True	False	4	False	3.2626619814798636	1.0	True	False	4	False	0.6089197531859717	False	1.0	False	
positive	other	yes	anaerobe	thermo	0	0.1874322104006277		False	False	0.3984643158334005		False	False	0	False	0.36750650226772885		False	False	0	False	0.20177800575967023		False	False	0	False		False		False	empty, untestable under every null
