gram	shape	motility	spore	oxygen	temperature	observed	observed_all_species	emptied_by_exclusion	expected	null_mean	p_empty_under_null	p_low	q_low	p_high	testable	emptier_than_chance	empty_beyond_chance
negative	rod	no	no	aerobe	psychro	4	4	False	3.611491294875246	3.6141	0.004	0.7599240075992401	0.9997000299970003	0.5235476452354765	True	False	False
negative	rod	no	no	aerobe	meso	435	445	False	439.0546070831203	439.0698	0.0	0.24907509249075094	0.9033942759570197	0.8068193180681932	True	False	False
negative	rod	no	no	aerobe	thermo	4	7	False	4.257996845368481	4.2592	0.0026	0.5732426757324267	0.9997000299970003	0.6753324667533247	True	False	False
negative	rod	no	no	facultative	psychro	0	0	False	0.6384366100838285	0.6441	0.5086	0.5086491350864913		1.0	False	False	False
negative	rod	no	no	facultative	meso	31	34	False	34.81913813105087	34.8408	0.0	0.18758124187581243	0.8553144685531446	0.8773122687731227	True	False	False
negative	rod	no	no	facultative	thermo	1	1	False	0.7066782892754855	0.7136	0.4664	0.8487151284871512		0.5336466353364664	False	False	False
negative	rod	no	no	anaerobe	psychro	0	0	False	0.04765732874421849	0.0481	0.9527	0.9527047295270473		1.0	False	False	False
negative	rod	no	no	anaerobe	meso	54	61	False	47.94759698238482	47.9135	0.0	0.9938006199380062	0.9997000299970003	0.017598240175982403	True	False	False
negative	rod	no	no	anaerobe	thermo	0	10	True	2.1717649123810374	2.1786	0.048	0.048095190480951906		1.0	False	False	False
negative	rod	no	yes	aerobe	psychro	0	0	False	0.013752472328377617	0.0135	0.9865	0.9865013498650135		1.0	False	False	False
negative	rod	no	yes	aerobe	meso	6	6	False	6.646236851370455	6.633	0.0	0.48455154484551544	0.9997000299970003	0.716028397160284	True	False	False
negative	rod	no	yes	aerobe	thermo	1	1	False	0.28338517083149223	0.2932	0.7422	0.9677032296770323		0.2578742125787421	False	False	False
negative	rod	no	yes	facultative	psychro	0	0	False	0.0005610131737406975	0.0009	0.9991	0.9991000899910009		1.0	False	False	False
negative	rod	no	yes	facultative	meso	1	1	False	1.4025903988104953	1.4094	0.2096	0.5813418658134186		0.7904209579042096	False	False	False
negative	rod	no	yes	facultative	thermo	0	1	True	0.0533396910950674	0.0576	0.9439	0.9439056094390561		1.0	False	False	False
negative	rod	no	yes	anaerobe	psychro	0	0	False	1.487535115938198e-05	0.0	1.0	1.0		1.0	False	False	False
negative	rod	no	yes	anaerobe	meso	2	2	False	3.2819552838590105	3.3057	0.02	0.31616838316168383	0.9290383461653835	0.8846115388461154	True	False	False
negative	rod	no	yes	anaerobe	thermo	0	2	True	0.8590601225895764	0.8515	0.3989	0.398960103989601		1.0	False	False	False
negative	rod	yes	no	aerobe	psychro	7	8	False	6.405946875096784	6.3894	0.0004	0.7315268473152685	0.9997000299970003	0.47305269473052697	True	False	False
negative	rod	yes	no	aerobe	meso	378	392	False	373.2884354603059	373.2913	0.0	0.8347165283471653	0.9997000299970003	0.21727827217278273	True	False	False
negative	rod	yes	no	aerobe	thermo	7	8	False	4.583587823526622	4.577	0.0006	0.9808019198080192	0.9997000299970003	0.0841915808419158	True	False	False
negative	rod	yes	no	facultative	psychro	4	4	False	3.1613367264249264	3.1891	0.0174	0.8223177682231777	0.9997000299970003	0.40085991400859916	True	False	False
negative	rod	yes	no	facultative	meso	57	60	False	54.51861273697313	54.4588	0.0	0.7812218778122187	0.9997000299970003	0.30286971302869714	True	False	False
negative	rod	yes	no	facultative	thermo	1	5	False	0.8311204207751102	0.8236	0.4114	0.8061193880611939		0.5886411358864113	False	False	False
negative	rod	yes	no	anaerobe	psychro	0	0	False	0.2740315301034243	0.273	0.7493	0.7493250674932507		1.0	False	False	False
negative	rod	yes	no	anaerobe	meso	24	32	False	27.27434543915449	27.2674	0.0	0.14158584141585842	0.7393927273939274	0.9245075492450755	True	False	False
negative	rod	yes	no	anaerobe	thermo	6	20	False	2.5775510842709046	2.566	0.0184	0.9987001299870013		0.0117988201179882	False	False	False
negative	rod	yes	yes	aerobe	psychro	0	0	False	0.009598871282457486	0.0083	0.9917	0.9917008299170083		1.0	False	False	False
negative	rod	yes	yes	aerobe	meso	9	10	False	11.110776309780166	11.1025	0.0	0.24987501249875013	0.9033942759570197	0.8667133286671332	True	False	False
negative	rod	yes	yes	aerobe	thermo	0	0	False	0.6819430877075155	0.6788	0.4907	0.49075092490750927		1.0	False	False	False
negative	rod	yes	yes	facultative	psychro	0	0	False	0.0007609221702797202	0.0005	0.9995	0.9995000499950005		1.0	False	False	False
negative	rod	yes	yes	facultative	meso	6	7	False	3.9915080878781364	3.9962	0.0071	0.9331066893310669	0.9997000299970003	0.1772822717728227	True	False	False
negative	rod	yes	yes	facultative	thermo	0	0	False	0.24238080920033536	0.2432	0.7794	0.7794220577942206		1.0	False	False	False
negative	rod	yes	yes	anaerobe	psychro	0	0	False	4.781362872658494e-05	0.0001	0.9999	0.9999000099990001		1.0	False	False	False
negative	rod	yes	yes	anaerobe	meso	6	11	False	5.286037550270829	5.2962	0.0011	0.7548245175482452	0.9997000299970003	0.44375562443755623	True	False	False
negative	rod	yes	yes	anaerobe	thermo	1	4	False	2.2549595295258507	2.2674	0.0564	0.27617238276172384		0.9436056394360564	False	False	False
negative	coccus	no	no	aerobe	psychro	0	0	False	0.04024237222644732	0.0411	0.9594	0.9594040595940406		1.0	False	False	False
negative	coccus	no	no	aerobe	meso	21	24	False	14.921455864729147	14.8969	0.0	0.9921007899210079	0.9997000299970003	0.019698030196980302	True	False	False
negative	coccus	no	no	aerobe	thermo	1	1	False	1.2892235409034156	1.2945	0.2245	0.6185381461853815		0.7755224477552245	False	False	False
negative	coccus	no	no	facultative	psychro	0	0	False	0.014007688263253545	0.0134	0.9866	0.9866013398660134		1.0	False	False	False
negative	coccus	no	no	facultative	meso	2	2	False	1.928831605569281	1.9403	0.0942	0.7097290270972902		0.6174382561743825	False	False	False
negative	coccus	no	no	facultative	thermo	0	0	False	0.057049312977993046	0.0522	0.9481	0.9481051894810519		1.0	False	False	False
negative	coccus	no	no	anaerobe	psychro	0	0	False	0.001190917848076895	0.0005	0.9995	0.9995000499950005		1.0	False	False	False
negative	coccus	no	no	anaerobe	meso	1	9	False	2.133754142795143	2.1535	0.0453	0.2632736726327367		0.9547045295470453	False	False	False
negative	coccus	no	no	anaerobe	thermo	0	0	False	0.028399860436627837	0.0283	0.9719	0.9719028097190281		1.0	False	False	False
negative	coccus	no	yes	aerobe	psychro	0	0	False	0.00014732037387775508	0.0002	0.9998	0.9998000199980002		1.0	False	False	False
negative	coccus	no	yes	aerobe	meso	0	0	False	0.41033132441843057	0.4032	0.6535	0.6535346465353464		1.0	False	False	False
negative	coccus	no	yes	aerobe	thermo	0	0	False	0.05176456565860043	0.0523	0.9481	0.9481051894810519		1.0	False	False	False
negative	coccus	no	yes	facultative	psychro	0	0	False	1.1562704324621726e-05	0.0	1.0	1.0		1.0	False	False	False
negative	coccus	no	yes	facultative	meso	0	0	False	0.018653666339139823	0.0169	0.9834	0.9834016598340166		1.0	False	False	False
negative	coccus	no	yes	facultative	thermo	0	0	False	0.0005108279170023167	0.0009	0.9991	0.9991000899910009		1.0	False	False	False
negative	coccus	no	yes	anaerobe	psychro	0	0	False	7.221044252127174e-07	0.0	1.0	1.0		1.0	False	False	False
negative	coccus	no	yes	anaerobe	meso	0	0	False	0.2840945125381696	0.2867	0.7396	0.7396260373962604		1.0	False	False	False
negative	coccus	no	yes	anaerobe	thermo	0	0	False	0.013111429752116483	0.012	0.988	0.988001199880012		1.0	False	False	False
negative	coccus	yes	no	aerobe	psychro	0	0	False	0.1450145690325841	0.1409	0.8646	0.8646135386461354		1.0	False	False	False
negative	coccus	yes	no	aerobe	meso	7	7	False	12.92493766592099	12.9637	0.0	0.010198980101989802	0.11983801619838017	0.9965003499650035	True	False	False
negative	coccus	yes	no	aerobe	thermo	0	0	False	0.3268225680347614	0.3275	0.7093	0.7093290670932907		1.0	False	False	False
negative	coccus	yes	no	facultative	psychro	0	0	False	0.0769786744990351	0.0779	0.9237	0.9237076292370763		1.0	False	False	False
negative	coccus	yes	no	facultative	meso	1	1	False	1.515495024457212	1.5043	0.1878	0.5377462253774623		0.8122187781221878	False	False	False
negative	coccus	yes	no	facultative	thermo	0	0	False	0.010975779741788507	0.0098	0.9902	0.9902009799020098		1.0	False	False	False
negative	coccus	yes	no	anaerobe	psychro	0	0	False	0.006739932373909999	0.0059	0.9941	0.9941005899410059		1.0	False	False	False
negative	coccus	yes	no	anaerobe	meso	1	2	False	0.7339960195295736	0.7189	0.4736	0.842015798420158		0.5264473552644735	False	False	False
negative	coccus	yes	no	anaerobe	thermo	0	0	False	0.01675225022686065	0.0168	0.9832	0.9832016798320168		1.0	False	False	False
negative	coccus	yes	yes	aerobe	psychro	0	0	False	0.00026876347697284006	0.0002	0.9998	0.9998000199980002		1.0	False	False	False
negative	coccus	yes	yes	aerobe	meso	1	1	False	0.39029877192368484	0.3884	0.6687	0.9468053194680532		0.33136686331366866	False	False	False
negative	coccus	yes	yes	aerobe	thermo	0	0	False	0.040369789635067675	0.0397	0.9605	0.9605039496050395		1.0	False	False	False
negative	coccus	yes	yes	facultative	psychro	0	0	False	3.0998175804874446e-05	0.0	1.0	1.0		1.0	False	False	False
negative	coccus	yes	yes	facultative	meso	0	0	False	0.02586744917350676	0.0259	0.9741	0.9741025897410259		1.0	False	False	False
negative	coccus	yes	yes	facultative	thermo	0	0	False	0.0015107761230560152	0.0018	0.9982	0.9982001799820018		1.0	False	False	False
negative	coccus	yes	yes	anaerobe	psychro	0	0	False	2.3210499381837346e-06	0.0	1.0	1.0		1.0	False	False	False
negative	coccus	yes	yes	anaerobe	meso	0	0	False	0.20022817165418635	0.1995	0.812	0.812018798120188		1.0	False	False	False
negative	coccus	yes	yes	anaerobe	thermo	0	0	False	0.01425687693063565	0.0148	0.9852	0.9852014798520148		1.0	False	False	False
negative	other	no	no	aerobe	psychro	0	0	False	0.06820708713143714	0.0641	0.9373	0.9373062693730627		1.0	False	False	False
negative	other	no	no	aerobe	meso	20	21	False	17.49862752328803	17.4742	0.0	0.8593140685931406	0.9997000299970003	0.23297670232976703	True	False	False
negative	other	no	no	aerobe	thermo	1	1	False	0.5808752442471745	0.5836	0.5437	0.8873112688731127		0.45635436456354367	False	False	False
negative	other	no	no	facultative	psychro	0	0	False	0.0276455675710415	0.0262	0.9741	0.9741025897410259		1.0	False	False	False
negative	other	no	no	facultative	meso	3	3	False	2.7013631044735416	2.7144	0.0424	0.7305269473052695		0.5257474252574742	False	False	False
negative	other	no	no	facultative	thermo	0	1	True	0.10968827884778638	0.1073	0.8963	0.8963103689631037		1.0	False	False	False
negative	other	no	no	anaerobe	psychro	0	0	False	0.00238183569615379	0.0022	0.9978	0.9978002199780022		1.0	False	False	False
negative	other	no	no	anaerobe	meso	2	6	False	2.2929602637247424	2.2825	0.0289	0.6020397960203979		0.7806219378062194	False	False	False
negative	other	no	no	anaerobe	thermo	0	1	True	0.163762178036143	0.1636	0.8435	0.8435156484351565		1.0	False	False	False
negative	other	no	yes	aerobe	psychro	0	0	False	0.00022241923409987768	0.0004	0.9996	0.9996000399960004		1.0	False	False	False
negative	other	no	yes	aerobe	meso	1	1	False	0.41056821016281225	0.4079	0.6558	0.9426057394260574		0.34426557344265574	False	False	False
negative	other	no	yes	aerobe	thermo	0	0	False	0.042050576554038314	0.0427	0.9578	0.9578042195780422		1.0	False	False	False
negative	other	no	yes	facultative	psychro	0	0	False	2.0950061852387054e-05	0.0002	0.9998	0.9998000199980002		1.0	False	False	False
negative	other	no	yes	facultative	meso	0	0	False	0.022342637394828575	0.0211	0.9789	0.9789021097890211		1.0	False	False	False
negative	other	no	yes	facultative	thermo	0	0	False	0.0005197912654937604	0.0007	0.9993	0.9993000699930007		1.0	False	False	False
negative	other	no	yes	anaerobe	psychro	0	0	False	1.4442088504254348e-06	0.0	1.0	1.0		1.0	False	False	False
negative	other	no	yes	anaerobe	meso	1	1	False	0.09106479023851091	0.0891	0.9128	0.9981001899810019		0.0872912708729127	False	False	False
negative	other	no	yes	anaerobe	thermo	0	0	False	0.01973515688971638	0.0187	0.9813	0.9813018698130187		1.0	False	False	False
negative	other	yes	no	aerobe	psychro	0	0	False	0.2853755098868738	0.2847	0.7472	0.7472252774722528		1.0	False	False	False
negative	other	yes	no	aerobe	meso	13	14	False	17.309966702076995	17.3391	0.0	0.08699130086991301	0.511073892610739	0.9536046395360464	True	False	False
negative	other	yes	no	aerobe	thermo	0	0	False	0.33527612114795685	0.3307	0.708	0.708029197080292		1.0	False	False	False
negative	other	yes	no	facultative	psychro	0	0	False	0.15381717947462759	0.1463	0.8602	0.8602139786021398		1.0	False	False	False
negative	other	yes	no	facultative	meso	5	7	False	3.038486773952735	3.0465	0.0325	0.9363063693630637	0.9997000299970003	0.17368263173682633	True	False	False
negative	other	yes	no	facultative	thermo	0	0	False	0.09981350969445596	0.1034	0.899	0.899010098990101		1.0	False	False	False
negative	other	yes	no	anaerobe	psychro	0	0	False	0.013479864747819998	0.0138	0.9863	0.9863013698630136		1.0	False	False	False
negative	other	yes	no	anaerobe	meso	3	5	False	4.1139691530554225	4.1149	0.0	0.2927707229277072	0.9290383461653835	1.0	True	False	False
negative	other	yes	no	anaerobe	thermo	0	3	True	0.14306680450729756	0.1473	0.8574	0.8574142585741426		1.0	False	False	False
negative	other	yes	yes	aerobe	psychro	0	0	False	0.0005101526705439485	0.0008	0.9992	0.9992000799920008		1.0	False	False	False
negative	other	yes	yes	aerobe	meso	0	0	False	0.31326752818343995	0.3163	0.7202	0.7202279772022798		1.0	False	False	False
negative	other	yes	yes	aerobe	thermo	0	0	False	0.031002669070751703	0.032	0.9684	0.9684031596840316		1.0	False	False	False
negative	other	yes	yes	facultative	psychro	0	0	False	6.1171825001263e-05	0.0001	0.9999	0.9999000099990001		1.0	False	False	False
negative	other	yes	yes	facultative	meso	0	0	False	0.02231655318524305	0.0242	0.976	0.976002399760024		1.0	False	False	False
negative	other	yes	yes	facultative	thermo	0	0	False	0.0006063641228258737	0.001	0.999	0.999000099990001		1.0	False	False	False
negative	other	yes	yes	anaerobe	psychro	0	0	False	4.642099876367469e-06	0.0	1.0	1.0		1.0	False	False	False
negative	other	yes	yes	anaerobe	meso	1	2	False	0.15390361953546614	0.1561	0.8497	0.9943005699430058		0.1503849615038496	False	False	False
negative	other	yes	yes	anaerobe	thermo	0	0	False	0.04046654745202501	0.0396	0.9607	0.9607039296070393		1.0	False	False	False
positive	rod	no	no	aerobe	psychro	0	0	False	0.0	0.0	1.0	1.0		1.0	False	False	False
positive	rod	no	no	aerobe	meso	159	166	False	170.34321592067676	170.3462	0.0	0.0178982101789821	0.14020264640202645	0.9889011098890111	True	False	False
positive	rod	no	no	aerobe	thermo	1	2	False	1.4108158761191028	1.4073	0.1986	0.5755424457554245		0.8014198580141986	False	False	False
positive	rod	no	no	facultative	psychro	0	0	False	0.0	0.0	1.0	1.0		1.0	False	False	False
positive	rod	no	no	facultative	meso	51	51	False	49.440570696398645	49.4091	0.0	0.73002699730027	0.9997000299970003	0.37396260373962603	True	False	False
positive	rod	no	no	facultative	thermo	0	0	False	0.14110466421170456	0.1394	0.8671	0.8671132886711329		1.0	False	False	False
positive	rod	no	no	anaerobe	psychro	0	0	False	0.0	0.0	1.0	1.0		1.0	False	False	False
positive	rod	no	no	anaerobe	meso	35	35	False	30.273400100611532	30.2945	0.0	0.9606039396060394	0.9997000299970003	0.08359164083591641	True	False	False
positive	rod	no	no	anaerobe	thermo	2	5	False	0.8526555659331235	0.8566	0.4038	0.9536046395360464		0.20637936206379362	False	False	False
positive	rod	no	yes	aerobe	psychro	0	0	False	0.0	0.0	1.0	1.0		1.0	False	False	False
positive	rod	no	yes	aerobe	meso	120	121	False	117.85583054941907	117.9025	0.0	0.7045295470452955	0.9997000299970003	0.3735626437356264	True	False	False
positive	rod	no	yes	aerobe	thermo	8	10	False	8.046669089517684	8.0691	0.0	0.5934406559344065	0.9997000299970003	0.6020397960203979	True	False	False
positive	rod	no	yes	facultative	psychro	0	0	False	0.0	0.0	1.0	1.0		1.0	False	False	False
positive	rod	no	yes	facultative	meso	12	12	False	15.278323495209897	15.2482	0.0	0.20017998200179982	0.8553144685531446	0.8798120187981202	True	False	False
positive	rod	no	yes	facultative	thermo	1	1	False	1.1570828875749508	1.1519	0.3066	0.6771322867713229		0.6934306569343066	False	False	False
positive	rod	no	yes	anaerobe	psychro	0	0	False	0.0	0.0	1.0	1.0		1.0	False	False	False
positive	rod	no	yes	anaerobe	meso	10	10	False	10.260343454206478	10.2425	0.0	0.551944805519448	0.9997000299970003	0.6236376362363764	True	False	False
positive	rod	no	yes	anaerobe	thermo	0	4	True	2.893632617869657	2.8942	0.0271	0.027197280271972803		1.0	False	False	False
positive	rod	yes	no	aerobe	psychro	0	0	False	0.0	0.0	1.0	1.0		1.0	False	False	False
positive	rod	yes	no	aerobe	meso	28	31	False	37.06682027517708	37.0584	0.0	0.013098690130986902	0.12312768723127687	0.9943005699430058	True	False	False
positive	rod	yes	no	aerobe	thermo	1	1	False	1.2651888352920082	1.2699	0.2606	0.633036696330367		0.7394260573942606	False	False	False
positive	rod	yes	no	facultative	psychro	0	0	False	0.0	0.0	1.0	1.0		1.0	False	False	False
positive	rod	yes	no	facultative	meso	10	11	False	8.66490746583451	8.6815	0.0	0.7766223377662234	0.9997000299970003	0.3601639836016398	True	False	False
positive	rod	yes	no	facultative	thermo	0	0	False	0.34592119947709565	0.3514	0.6986	0.6986301369863014		1.0	False	False	False
positive	rod	yes	no	anaerobe	psychro	0	0	False	0.0	0.0	1.0	1.0		1.0	False	False	False
positive	rod	yes	no	anaerobe	meso	4	4	False	9.91053005724395	9.929	0.0	0.008999100089991	0.11983801619838017	0.9985001499850015	True	False	False
positive	rod	yes	no	anaerobe	thermo	2	4	False	1.8099183034390571	1.8071	0.12	0.7461253874612539		0.573042695730427	False	False	False
positive	rod	yes	yes	aerobe	psychro	0	0	False	0.0	0.0	1.0	1.0		1.0	False	False	False
positive	rod	yes	yes	aerobe	meso	159	162	False	144.1440514886517	144.1662	0.0	0.9995000499950005	0.9997000299970003	0.0008999100089991	True	False	False
positive	rod	yes	yes	aerobe	thermo	19	21	False	15.940220581662983	15.8957	0.0	0.9251074892510749	0.9997000299970003	0.15058494150584942	True	False	False
positive	rod	yes	yes	facultative	psychro	0	0	False	0.0	0.0	1.0	1.0		1.0	False	False	False
positive	rod	yes	yes	facultative	meso	42	44	False	44.21267617265727	44.2062	0.0	0.31626837316268375	0.9290383461653835	0.7742225777422258	True	False	False
positive	rod	yes	yes	facultative	thermo	3	3	False	3.9562819141474446	3.9596	0.0112	0.42875712428757123	0.9997000299970003	0.7878212178782121	True	False	False
positive	rod	yes	yes	anaerobe	psychro	0	0	False	0.0	0.0	1.0	1.0		1.0	False	False	False
positive	rod	yes	yes	anaerobe	meso	23	24	False	19.48347642573248	19.4679	0.0	0.9419058094190581	0.9997000299970003	0.11948805119488051	True	False	False
positive	rod	yes	yes	anaerobe	thermo	10	16	False	7.957117928166536	7.9702	0.0	0.9234076592340766	0.9997000299970003	0.19188081191880813	True	False	False
positive	coccus	no	no	aerobe	psychro	0	0	False	0.0	0.0	1.0	1.0		1.0	False	False	False
positive	coccus	no	no	aerobe	meso	76	77	False	62.36502310899853	62.3101	0.0	0.9997000299970003	0.9997000299970003	0.0005999400059994001	True	False	False
positive	coccus	no	no	aerobe	thermo	1	2	False	0.9602496554329414	0.9678	0.3054	0.7655234476552345		0.6946305369463054	False	False	False
positive	coccus	no	no	facultative	psychro	0	0	False	0.0	0.0	1.0	1.0		1.0	False	False	False
positive	coccus	no	no	facultative	meso	19	19	False	17.276945693943095	17.3052	0.0	0.8033196680331967	0.9997000299970003	0.31966803319668036	True	False	False
positive	coccus	no	no	facultative	thermo	0	0	False	0.05504807000001526	0.0532	0.9469	0.946905309469053		1.0	False	False	False
positive	coccus	no	no	anaerobe	psychro	0	0	False	0.0	0.0	1.0	1.0		1.0	False	False	False
positive	coccus	no	no	anaerobe	meso	9	10	False	7.978476274021266	8.0019	0.0	0.764023597640236	0.9997000299970003	0.39846015398460155	True	False	False
positive	coccus	no	no	anaerobe	thermo	0	0	False	0.04183486544351665	0.0409	0.9594	0.9594040595940406		1.0	False	False	False
positive	coccus	no	yes	aerobe	psychro	0	0	False	0.0	0.0	1.0	1.0		1.0	False	False	False
positive	coccus	no	yes	aerobe	meso	2	2	False	8.500656937726415	8.4983	0.0001	0.0021997800219978004	0.0610938906109389	0.9996000399960004	True	False	False
positive	coccus	no	yes	aerobe	thermo	0	0	False	0.16991459355018854	0.1665	0.842	0.842015798420158		1.0	False	False	False
positive	coccus	no	yes	facultative	psychro	0	0	False	0.0	0.0	1.0	1.0		1.0	False	False	False
positive	coccus	no	yes	facultative	meso	0	0	False	1.0433502871784281	1.0571	0.3343	0.33436656334366566		1.0	False	False	False
positive	coccus	no	yes	facultative	thermo	0	0	False	0.021915402115190736	0.0218	0.9782	0.9782021797820218		1.0	False	False	False
positive	coccus	no	yes	anaerobe	psychro	0	0	False	0.0	0.0	1.0	1.0		1.0	False	False	False
positive	coccus	no	yes	anaerobe	meso	1	1	False	0.8171147551806781	0.8116	0.4141	0.8133186681331867		0.585941405859414	False	False	False
positive	coccus	no	yes	anaerobe	thermo	0	0	False	0.049516672924420524	0.0536	0.9473	0.9473052694730527		1.0	False	False	False
positive	coccus	yes	no	aerobe	psychro	0	0	False	0.0	0.0	1.0	1.0		1.0	False	False	False
positive	coccus	yes	no	aerobe	meso	13	14	False	8.980213200032551	8.9771	0.0	0.9614038596140386	0.9997000299970003	0.08309169083091691	True	False	False
positive	coccus	yes	no	aerobe	thermo	0	0	False	0.03662958617404285	0.0343	0.966	0.966003399660034		1.0	False	False	False
positive	coccus	yes	no	facultative	psychro	0	0	False	0.0	0.0	1.0	1.0		1.0	False	False	False
positive	coccus	yes	no	facultative	meso	1	1	False	2.1142018650265078	2.1171	0.0987	0.34306569343065696		0.9013098690130987	False	False	False
positive	coccus	yes	no	facultative	thermo	0	0	False	0.01002186063874978	0.01	0.99	0.99000099990001		1.0	False	False	False
positive	coccus	yes	no	anaerobe	psychro	0	0	False	0.0	0.0	1.0	1.0		1.0	False	False	False
positive	coccus	yes	no	anaerobe	meso	0	0	False	1.570065360110916	1.5557	0.1872	0.1872812718728127		1.0	False	False	False
positive	coccus	yes	no	anaerobe	thermo	0	0	False	0.04662259354828155	0.0459	0.9544	0.9544045595440456		1.0	False	False	False
positive	coccus	yes	yes	aerobe	psychro	0	0	False	0.0	0.0	1.0	1.0		1.0	False	False	False
positive	coccus	yes	yes	aerobe	meso	1	1	False	6.212733671188656	6.2388	0.0004	0.0025997400259974	0.0610938906109389	0.9996000399960004	True	False	False
positive	coccus	yes	yes	aerobe	thermo	0	0	False	0.3238243127968292	0.3248	0.7146	0.7146285371462854		1.0	False	False	False
positive	coccus	yes	yes	facultative	psychro	0	0	False	0.0	0.0	1.0	1.0		1.0	False	False	False
positive	coccus	yes	yes	facultative	meso	0	0	False	0.9624142436537888	0.9434	0.3618	0.3618638136186381		1.0	False	False	False
positive	coccus	yes	yes	facultative	thermo	0	0	False	0.08819613046357246	0.0897	0.9135	0.9135086491350864		1.0	False	False	False
positive	coccus	yes	yes	anaerobe	psychro	0	0	False	0.0	0.0	1.0	1.0		1.0	False	False	False
positive	coccus	yes	yes	anaerobe	meso	0	0	False	0.6930903296804427	0.6913	0.4549	0.45495450454954506		1.0	False	False	False
positive	coccus	yes	yes	anaerobe	thermo	0	0	False	0.05861289065593439	0.055	0.9459	0.9459054094590541		1.0	False	False	False
positive	other	no	no	aerobe	psychro	0	0	False	0.0	0.0	1.0	1.0		1.0	False	False	False
positive	other	no	no	aerobe	meso	13	14	False	17.60646565321499	17.6334	0.0	0.052594740525947405	0.3531361149599325	0.9779022097790221	True	False	False
positive	other	no	no	aerobe	thermo	0	0	False	0.14573042941572742	0.1404	0.8637	0.8637136286371363		1.0	False	False	False
positive	other	no	no	facultative	psychro	0	0	False	0.0	0.0	1.0	1.0		1.0	False	False	False
positive	other	no	no	facultative	meso	8	8	False	4.02415471404481	4.0297	0.0027	0.9968003199680032	0.9997000299970003	0.0136986301369863	True	False	False
positive	other	no	no	facultative	thermo	0	0	False	0.006395550827657606	0.0082	0.9918	0.9918008199180082		1.0	False	False	False
positive	other	no	no	anaerobe	psychro	0	0	False	0.0	0.0	1.0	1.0		1.0	False	False	False
positive	other	no	no	anaerobe	meso	1	1	False	2.1935900918031406	2.1726	0.0286	0.30326967303269675		0.9714028597140286	False	False	False
positive	other	no	no	anaerobe	thermo	0	0	False	0.028872188834609368	0.027	0.9735	0.9735026497350265		1.0	False	False	False
positive	other	no	yes	aerobe	psychro	0	0	False	0.0	0.0	1.0	1.0		1.0	False	False	False
positive	other	no	yes	aerobe	meso	21	21	False	19.001059796728125	18.9521	0.0	0.8887111288871112	0.9997000299970003	0.22907709229077092	True	False	False
positive	other	no	yes	aerobe	thermo	2	2	False	2.9306938139375314	2.9319	0.0	0.36936306369363064		0.9267073292670733	False	False	False
positive	other	no	yes	facultative	psychro	0	0	False	0.0	0.0	1.0	1.0		1.0	False	False	False
positive	other	no	yes	facultative	meso	0	0	False	0.9186408288701118	0.9345	0.3622	0.36226377362263773		1.0	False	False	False
positive	other	no	yes	facultative	thermo	2	2	False	0.48365256701919856	0.4763	0.5254	1.0		0.0017998200179982	False	False	False
positive	other	no	yes	anaerobe	psychro	0	0	False	0.0	0.0	1.0	1.0		1.0	False	False	False
positive	other	no	yes	anaerobe	meso	0	0	False	0.34343479530781884	0.3441	0.6902	0.6902309769023097		1.0	False	False	False
positive	other	no	yes	anaerobe	thermo	0	0	False	0.06253668245757547	0.0619	0.9391	0.9391060893910609		1.0	False	False	False
positive	other	yes	no	aerobe	psychro	0	0	False	0.0	0.0	1.0	1.0		1.0	False	False	False
positive	other	yes	no	aerobe	meso	2	2	False	1.7161631884103963	1.7275	0.1597	0.7528247175282472		0.5275472452754725	False	False	False
positive	other	yes	no	aerobe	thermo	0	0	False	0.00867284426387634	0.0088	0.9912	0.9912008799120088		1.0	False	False	False
positive	other	yes	no	facultative	psychro	0	0	False	0.0	0.0	1.0	1.0		1.0	False	False	False
positive	other	yes	no	facultative	meso	0	0	False	0.4336492721143558	0.4228	0.6471	0.6471352864713529		1.0	False	False	False
positive	other	yes	no	facultative	thermo	0	0	False	0.0016893914242696135	0.0013	0.9987	0.9987001299870013		1.0	False	False	False
positive	other	yes	no	anaerobe	psychro	0	0	False	0.0	0.0	1.0	1.0		1.0	False	False	False
positive	other	yes	no	anaerobe	meso	1	1	False	0.546681676881498	0.5633	0.5519	0.8994100589941005		0.44815518448155184	False	False	False
positive	other	yes	no	anaerobe	thermo	0	0	False	0.04658783993770271	0.0468	0.9536	0.9536046395360464		1.0	False	False	False
positive	other	yes	yes	aerobe	psychro	0	0	False	0.0	0.0	1.0	1.0		1.0	False	False	False
positive	other	yes	yes	aerobe	meso	2	2	False	1.0176845550205438	1.0203	0.2788	0.9567043295670433		0.252974702529747	False	False	False
positive	other	yes	yes	aerobe	thermo	0	0	False	0.586887031010311	0.5974	0.4434	0.44345565443455653		1.0	False	False	False
positive	other	yes	yes	facultative	psychro	0	0	False	0.0	0.0	1.0	1.0		1.0	False	False	False
positive	other	yes	yes	facultative	meso	0	0	False	0.1550871873692265	0.1566	0.8457	0.8457154284571543		1.0	False	False	False
positive	other	yes	yes	facultative	thermo	0	0	False	0.014699355077262078	0.0132	0.9868	0.9868013198680132		1.0	False	False	False
positive	other	yes	yes	anaerobe	psychro	0	0	False	0.0	0.0	1.0	1.0		1.0	False	False	False
positive	other	yes	yes	anaerobe	meso	1	1	False	0.5163350183954699	0.5142	0.5512	0.9353064693530647		0.44885511448855114	False	False	False
positive	other	yes	yes	anaerobe	thermo	0	0	False	0.1232076019181828	0.12	0.8821	0.8821117888211178		1.0	False	False	False
