gram	shape	motility	spore	oxygen	temperature	observed (all species)	global: expected	global: q	global: testable	global: empty✗	phylum: expected	phylum: q	phylum: testable	phylum: empty✗	phylum: observed (kept species)	phylum: emptied by exclusion	class: expected	class: q	class: testable	class: empty✗	class: observed (kept species)	class: emptied by exclusion	order: expected	order: q	order: testable	order: empty✗	order: observed (kept species)	order: emptied by exclusion	global: q (seed 2)	global: empty✗ (seed 2)	order: q (seed 2)	order: empty✗ (seed 2)	category
negative	rod	no	no	aerobe	psychro	8	3.4543900737414868	1.0	True	False	8.265633974232504	0.9745762265878675	True	False	8	False	6.9917337835077475	1.0	True	False	8	False	6.77503026672846	0.999900009999	True	False	8	False	1.0	False	1.0	False	
negative	rod	no	no	aerobe	meso	487	346.73440365180176	1.0	True	False	487.199467343318	0.8127863684219813	True	False	485	False	492.57857530494186	0.3668905836689058	True	False	484	False	483.8066748288779	0.38836116388361164	True	False	476	False	1.0	False	0.40635936406359363	False	
negative	rod	no	no	aerobe	thermo	8	21.15813920166661	0.0013798620137986202	True	False	9.162983181298948	0.49323817618238175	True	False	7	False	6.661541279680626	1.0	True	False	7	False	4.863244984892234	0.999900009999	True	False	5	False	0.0032196780321967805	False	1.0	False	
negative	rod	no	no	facultative	psychro	0	0.7915510068862582		False	False	1.0263635207705597		False	False	0	False	1.0134648966086268		False	False	0	False	0.9800714387057753		False	False	0	False		False		False	empty, untestable under every null
negative	rod	no	no	facultative	meso	40	79.45193231620817	0.0004928078620709357	True	False	58.122288825369765	0.0018270900182709002	True	False	40	False	48.62384630337539	0.18889875718310523	True	False	40	False	40.91484319658305	0.6704079592040796	True	False	37	False	0.0004928078620709357	False	0.6460353964603539	False	
negative	rod	no	no	facultative	thermo	1	4.848249917178332	0.10063476410979592	True	False	1.5671922047958469		False	False	1	False	1.3644984913408729		False	False	1	False	0.7054495612558249		False	False	1	False	0.11157849732268153	False		False	
negative	rod	no	no	anaerobe	psychro	0	0.7108589139512513		False	False	0.8606641530992042		False	False	0	False	0.891650898445031		False	False	0	False	0.124612580762685		False	False	0	False		False		False	empty, untestable under every null
negative	rod	no	no	anaerobe	meso	83	71.35246348785685	1.0	True	False	68.90119025302855	1.0	True	False	83	False	72.09152714486923	1.0	True	False	81	False	71.81630184664002	0.999900009999	True	False	79	False	1.0	False	1.0	False	
negative	rod	no	no	anaerobe	thermo	11	4.354010847951415	1.0	True	False	4.957587732848289	1.0	True	False	7	False	5.344363458023009	0.3397850691121364	True	False	3	False	2.034104923703359		False	False	0	True	1.0	False		False	
negative	rod	no	yes	aerobe	psychro	0	1.0903964587689854		False	False	0.10201464655210901		False	False	0	False	0.056933561429301685		False	False	0	False	0.030075525177260302		False	False	0	False		False		False	empty, untestable under every null
negative	rod	no	yes	aerobe	meso	6	109.4485445489369	0.0004928078620709357	True	False	13.341947139627951	0.038080402486067186	True	False	6	False	8.959690425476513	0.4029597040295971	True	False	6	False	7.469507753922389	0.999900009999	True	False	6	False	0.0004928078620709357	False	1.0	False	
negative	rod	no	yes	aerobe	thermo	1	6.678678309960036	0.02464039310354679	True	False	1.1850537109740844		False	False	1	False	0.3983560336056716		False	False	1	False	0.29144731771766236		False	False	1	False	0.024461190244611904	False		False	
negative	rod	no	yes	facultative	psychro	0	0.24985725306608564		False	False	0.020713500853881985		False	False	0	False	0.01034058288167879		False	False	0	False	0.0021834864596627147		False	False	0	False		False		False	empty, untestable under every null
negative	rod	no	yes	facultative	meso	2	25.079421776508347	0.0004928078620709357	True	False	6.023149175385778	0.13785159945543907	True	False	2	False	2.93413067550224		False	False	2	False	1.7878735376084052		False	False	2	False	0.0004928078620709357	False		False	
negative	rod	no	yes	facultative	thermo	1	1.5303756750297748		False	False	0.7307010796164621		False	False	1	False	0.22182879710171424		False	False	1	False	0.05972526069988428		False	False	0	True		False		False	
negative	rod	no	yes	anaerobe	psychro	0	0.22438636804478562		False	False	0.013748472966607582		False	False	0	False	0.0706517539325375		False	False	0	False	0.06265016463311128		False	False	0	False		False		False	empty, untestable under every null
negative	rod	no	yes	anaerobe	meso	2	22.522781692495357	0.0004928078620709357	True	False	4.956269734299944	0.27213140754890025	True	False	2	False	7.358283964158808	0.04738097618809548	True	False	2	False	5.210602309659361	0.31673499316734993	True	False	2	False	0.0004928078620709357	False	0.30832916708329167	False	
negative	rod	no	yes	anaerobe	thermo	2	1.3743665042743118		False	False	0.66466934703779		False	False	2	False	2.2500830005561756		False	False	1	False	0.8990104386897358		False	False	0	True		False		False	
negative	rod	yes	no	aerobe	psychro	11	2.5919643294152532		False	False	9.015983199164186	1.0	True	False	11	False	9.581207247868107	1.0	True	False	11	False	8.430001163556007	0.999900009999	True	False	10	False		False	1.0	False	
negative	rod	yes	no	aerobe	meso	445	260.16841956505607	1.0	True	False	440.04540822241535	1.0	True	False	445	False	428.68325863030066	1.0	True	False	444	False	423.68623828463325	0.999900009999	True	False	431	False	1.0	False	1.0	False	
negative	rod	yes	no	aerobe	thermo	8	15.875781517668427	0.04267351042673511	True	False	7.347591899943617	0.9704975448401104	True	False	7	False	6.13447543101068	1.0	True	False	7	False	4.5169328438794025	0.999900009999	True	False	7	False	0.043184570431845704	False	1.0	False	
negative	rod	yes	no	facultative	psychro	4	0.5939317595767989		False	False	1.4661051151713984		False	False	4	False	2.3966302807714728		False	False	4	False	4.289788160558877	0.999900009999	True	False	4	False		False	1.0	False	
negative	rod	yes	no	facultative	meso	84	59.61590036752119	1.0	True	False	75.14016163132015	1.0	True	False	84	False	79.81810914619012	1.0	True	False	84	False	76.0802503171588	0.999900009999	True	False	81	False	1.0	False	1.0	False	
negative	rod	yes	no	facultative	thermo	5	3.6378320274078937	1.0	True	False	2.0577204553553563		False	False	4	False	1.7669471225705697		False	False	3	False	1.043331560176037		False	False	1	False	1.0	False		False	
negative	rod	yes	no	anaerobe	psychro	0	0.5333853180665427		False	False	0.3656443082956966		False	False	0	False	0.46724753664337026		False	False	0	False	0.34706726038745134		False	False	0	False		False		False	empty, untestable under every null
negative	rod	yes	no	anaerobe	meso	33	53.53855130092923	0.0030184481551844815	True	False	40.58349381328714	0.06671416191714162	True	False	32	False	39.78673734249775	0.04738097618809548	True	False	30	False	33.46651798656152	0.31673499316734993	True	False	29	False	0.0034496550344965504	False	0.3457654234576542	False	
negative	rod	yes	no	anaerobe	thermo	20	3.2669850731575742	1.0	True	False	8.512184893777391	1.0	True	False	16	False	7.205067806806417	1.0	True	False	10	False	2.434974558768242		False	False	6	False	1.0	False		False	
negative	rod	yes	yes	aerobe	psychro	0	0.818167220758818		False	False	0.13469154622316143		False	False	0	False	0.10031126170023266		False	False	0	False	0.046213777052833575		False	False	0	False		False		False	empty, untestable under every null
negative	rod	yes	yes	aerobe	meso	12	82.12353478366634	0.0004928078620709357	True	False	16.280084157263794	0.29834349898343504	True	False	12	False	9.90440805297311	1.0	True	False	12	False	12.88453250841026	0.6421357864213578	True	False	10	False	0.0004928078620709357	False	0.6350298303502984	False	
negative	rod	yes	yes	aerobe	thermo	2	5.0112742271477595	0.24330214037419787	True	False	1.4832439468865481		False	False	2	False	0.4547622002691816		False	False	2	False	0.6244554043342829		False	False	2	False	0.2347856123478561	False		False	
negative	rod	yes	yes	facultative	psychro	0	0.18747769463438987		False	False	0.030666226354949006		False	False	0	False	0.025778168357392554		False	False	0	False	0.006643395068872172		False	False	0	False		False		False	empty, untestable under every null
negative	rod	yes	yes	facultative	meso	7	18.818073598926883	0.0048701012251716	True	False	8.02833771895263	0.8309083377376547	True	False	7	False	3.9524114105963712	1.0	True	False	7	False	5.046135363332662	0.999900009999	True	False	6	False	0.006516015065160151	False	1.0	False	
negative	rod	yes	yes	facultative	thermo	0	1.1483008796356382		False	False	0.9476682734995585		False	False	0	False	0.2679122780392248		False	False	0	False	0.24593636272047237		False	False	0	False		False		False	empty, untestable under every null
negative	rod	yes	yes	anaerobe	psychro	0	0.16836589081243752		False	False	0.012877797984537778		False	False	0	False	0.06096390452023769		False	False	0	False	0.07156694160284527		False	False	0	False		False		False	empty, untestable under every null
negative	rod	yes	yes	anaerobe	meso	13	16.899726290298414	0.379653701296537	True	False	6.029544532035758	1.0	True	False	13	False	6.863746038325103	1.0	True	False	10	False	5.413853553396816	0.999900009999	True	False	7	False	0.37467086624670864	False	1.0	False	
negative	rod	yes	yes	anaerobe	thermo	4	1.0312410812261796		False	False	0.767624580349835		False	False	4	False	3.5503922927116984	1.0	True	False	4	False	1.9373709445282548		False	False	1	False		False		False	
negative	coccus	no	no	aerobe	psychro	0	0.35369713429829386		False	False	0.23191179857216462		False	False	0	False	0.15012118048981468		False	False	0	False	0.06562726466793219		False	False	0	False		False		False	empty, untestable under every null
negative	coccus	no	no	aerobe	meso	27	35.50234985519124	0.1464953504649535	True	False	18.77946466939163	1.0	True	False	27	False	18.87557612651063	1.0	True	False	27	False	15.988580761862323	0.999900009999	True	False	24	False	0.14005599440055994	False	1.0	False	
negative	coccus	no	no	aerobe	thermo	1	2.1663949475770496		False	False	1.609545824671051		False	False	1	False	1.269004715907247		False	False	1	False	1.4977959415502367		False	False	1	False		False		False	
negative	coccus	no	no	facultative	psychro	0	0.08104739673576032		False	False	0.03741582365760471		False	False	0	False	0.029716645599797975		False	False	0	False	0.015586768344149375		False	False	0	False		False		False	empty, untestable under every null
negative	coccus	no	no	facultative	meso	2	8.13513244735194	0.03422057794220578	True	False	2.506152027755538		False	False	2	False	1.6337478384484974		False	False	2	False	2.3077003465724117		False	False	2	False	0.032564743525647435	False		False	
negative	coccus	no	no	facultative	thermo	0	0.49641530500653197		False	False	0.23288331832517073		False	False	0	False	0.0858661216852121		False	False	0	False	0.06324412719770313		False	False	0	False		False		False	empty, untestable under every null
negative	coccus	no	no	anaerobe	psychro	0	0.0727852834762896		False	False	0.010982326000793526		False	False	0	False	0.012432101569917284		False	False	0	False	0.0014743350704784983		False	False	0	False		False		False	empty, untestable under every null
negative	coccus	no	no	anaerobe	meso	15	7.305822828932569	1.0	True	False	1.7251274771605078		False	False	15	False	5.850087215736774	1.0	True	False	11	False	10.9391353996437	0.999900009999	True	False	10	False	1.0	False	1.0	False	
negative	coccus	no	no	anaerobe	thermo	0	0.44580986129227385		False	False	0.43261338188341625		False	False	0	False	0.350460521225757		False	False	0	False	0.038116132980653646		False	False	0	False		False		False	empty, untestable under every null
negative	coccus	no	yes	aerobe	psychro	0	0.11164636722623349		False	False	0.004889015257501077		False	False	0	False	0.0016631970907372727		False	False	0	False	0.0006227791647552452		False	False	0	False		False		False	empty, untestable under every null
negative	coccus	no	yes	aerobe	meso	0	11.206504110333187	0.0004928078620709357	True	True	1.6639051143109782		False	False	0	False	0.8448182717312824		False	False	0	False	0.47667663058921694		False	False	0	False	0.0004928078620709357	True		False	phylogenetic structure — fires under global only; untestable at order level
negative	coccus	no	yes	aerobe	thermo	0	0.6838339992606801		False	False	0.2931361607133864		False	False	0	False	0.045776560117682864		False	False	0	False	0.047210211938262484		False	False	0	False		False		False	empty, untestable under every null
negative	coccus	no	yes	facultative	psychro	0	0.025583038541272637		False	False	0.0017605880358942607		False	False	0	False	0.0003600976901882381		False	False	0	False	4.894343701888088e-05		False	False	0	False		False		False	empty, untestable under every null
negative	coccus	no	yes	facultative	meso	0	2.567897493580241		False	False	0.911152452481123		False	False	0	False	0.375218945597919		False	False	0	False	0.04098717139799951		False	False	0	False		False		False	empty, untestable under every null
negative	coccus	no	yes	facultative	thermo	0	0.1566961110652949		False	False	0.1510233156000314		False	False	0	False	0.02853544629575794		False	False	0	False	0.0005743730420942376		False	False	0	False		False		False	empty, untestable under every null
negative	coccus	no	yes	anaerobe	psychro	0	0.02297505888415261		False	False	0.0011460096648733997		False	False	0	False	0.005228368522573177		False	False	0	False	1.1486674523137484e-05		False	False	0	False		False		False	empty, untestable under every null
negative	coccus	no	yes	anaerobe	meso	0	2.3061215354968176		False	False	0.9083375540214261		False	False	0	False	0.8299776892266527		False	False	0	False	0.3797073413229355		False	False	0	False		False		False	empty, untestable under every null
negative	coccus	no	yes	anaerobe	thermo	0	0.14072223566543474		False	False	0.2593946833763986		False	False	0	False	0.10670106935279003		False	False	0	False	0.012930132055489676		False	False	0	False		False		False	empty, untestable under every null
negative	coccus	yes	no	aerobe	psychro	0	0.26539282939885545		False	False	0.37348710241358085		False	False	0	False	0.31420608512097564		False	False	0	False	0.15906470198356915		False	False	0	False		False		False	empty, untestable under every null
negative	coccus	yes	no	aerobe	meso	7	26.638805250910114	0.0004928078620709357	True	False	18.219335784382746	0.0008374162583741627	True	False	7	False	16.978151958930614	0.0050722200507222	True	False	7	False	14.796854110917128	0.035096490350964904	True	False	7	False	0.0004928078620709357	False	0.022531080225310803	False	
negative	coccus	yes	no	aerobe	thermo	0	1.6255310800679896		False	False	0.38157604977155807		False	False	0	False	0.27898114209507974		False	False	0	False	0.2748167692858009		False	False	0	False		False		False	empty, untestable under every null
negative	coccus	yes	no	facultative	psychro	0	0.06081303988449857		False	False	0.06427436970208786		False	False	0	False	0.08083801850659093		False	False	0	False	0.08017310321950455		False	False	0	False		False		False	empty, untestable under every null
negative	coccus	yes	no	facultative	meso	1	6.104108878406544	0.0413958604139586	True	False	3.531666642589958	0.27213140754890025	True	False	1	False	2.9075166284678526		False	False	1	False	1.937596551567484		False	False	1	False	0.03190930906909309	False		False	
negative	coccus	yes	no	facultative	thermo	0	0.3724798692925538		False	False	0.12341915302984946		False	False	0	False	0.06066951367849621		False	False	0	False	0.010338827455642236		False	False	0	False		False		False	empty, untestable under every null
negative	coccus	yes	no	anaerobe	psychro	0	0.05461365232345746		False	False	0.010631596590757818		False	False	0	False	0.01312754316956528		False	False	0	False	0.005954103810964982		False	False	0	False		False		False	empty, untestable under every null
negative	coccus	yes	no	anaerobe	meso	2	5.481845351967042	0.18326292370762925	True	False	0.9740187609217696		False	False	2	False	3.877572814715791	0.4029597040295971	True	False	2	False	0.7203661998857487		False	False	1	False	0.19576792320767922	False		False	
negative	coccus	yes	no	anaerobe	thermo	0	0.33450862048117697		False	False	0.07154702599157373		False	False	0	False	0.23955630619760543		False	False	0	False	0.01671402213252553		False	False	0	False		False		False	empty, untestable under every null
negative	coccus	yes	yes	aerobe	psychro	0	0.08377264732171928		False	False	0.007598886390038358		False	False	0	False	0.0035175038372389283		False	False	0	False	0.0011856659954300368		False	False	0	False		False		False	empty, untestable under every null
negative	coccus	yes	yes	aerobe	meso	1	8.408679474917573	0.006516015065160151	True	False	1.8872208410527604		False	False	1	False	0.9975271517105333		False	False	1	False	0.6073175287262429		False	False	1	False	0.0048701012251716	False		False	
negative	coccus	yes	yes	aerobe	thermo	0	0.5131074648455306		False	False	0.21919357129470007		False	False	0	False	0.06429828511625238		False	False	0	False	0.037739111693947384		False	False	0	False		False		False	empty, untestable under every null
negative	coccus	yes	yes	facultative	psychro	0	0.019195957005866713		False	False	0.002558896281452478		False	False	0	False	0.0009023876750921973		False	False	0	False	0.00015743788014096105		False	False	0	False		False		False	empty, untestable under every null
negative	coccus	yes	yes	facultative	meso	0	1.9267941844638712		False	False	1.1363603095573132		False	False	0	False	0.53443179176924		False	False	0	False	0.04066054200001134		False	False	0	False		False		False	empty, untestable under every null
negative	coccus	yes	yes	facultative	thermo	0	0.11757523666093361		False	False	0.14449604435150307		False	False	0	False	0.04124311871291444		False	False	0	False	0.0016921804095323695		False	False	0	False		False		False	empty, untestable under every null
negative	coccus	yes	yes	anaerobe	psychro	0	0.017239087602356026		False	False	0.001513664399986518		False	False	0	False	0.0045993251247259375		False	False	0	False	3.137793544564977e-05		False	False	0	False		False		False	empty, untestable under every null
negative	coccus	yes	yes	anaerobe	meso	0	1.730373418086486		False	False	0.9040173499607133		False	False	0	False	0.6641560304996517		False	False	0	False	0.19822671887651147		False	False	0	False		False		False	empty, untestable under every null
negative	coccus	yes	yes	anaerobe	thermo	0	0.10558941156443066		False	False	0.11793331108326024		False	False	0	False	0.09003251176187443		False	False	0	False	0.012035991493552414		False	False	0	False		False		False	empty, untestable under every null
negative	other	no	no	aerobe	psychro	0	0.21190665314787646		False	False	0.3298730441644181		False	False	0	False	0.23282129873915014		False	False	0	False	0.16700531109630842		False	False	0	False		False		False	empty, untestable under every null
negative	other	no	no	aerobe	meso	22	21.270130309718102	1.0	True	False	18.14219498827689	1.0	True	False	21	False	19.309369384128168	1.0	True	False	21	False	18.642435649055937	0.999900009999	True	False	21	False	1.0	False	1.0	False	
negative	other	no	no	aerobe	thermo	1	1.2979282505307435		False	False	1.0800926635950157		False	False	1	False	0.7729675862143142		False	False	1	False	0.5965077007634442		False	False	1	False		False		False	
negative	other	no	no	facultative	psychro	0	0.04855703064345112		False	False	0.04982995605539019		False	False	0	False	0.04282766425851536		False	False	0	False	0.03308599110625156		False	False	0	False		False		False	empty, untestable under every null
negative	other	no	no	facultative	meso	3	4.873911950836407	0.48206717789759485	True	False	3.314139737584913	0.9999179569222565	True	False	3	False	2.7827302576791446		False	False	3	False	3.0282285245202054	0.999900009999	True	False	3	False	0.48790505564828135	False	1.0	False	
negative	other	no	no	facultative	thermo	1	0.29741181269113814		False	False	0.38098215047795136		False	False	1	False	0.5447286886359894		False	False	1	False	0.1256184705159734		False	False	0	True		False		False	
negative	other	no	no	anaerobe	psychro	0	0.043607042082710955		False	False	0.019466436153834435		False	False	0	False	0.020679095747306978		False	False	0	False	0.0043388892175125465		False	False	0	False		False		False	empty, untestable under every null
negative	other	no	no	anaerobe	meso	8	4.377056849052112	1.0	True	False	3.8518902742081527	1.0	True	False	8	False	4.623590180439161	1.0	True	False	7	False	3.3653481709295354	0.999900009999	True	False	4	False	1.0	False	1.0	False	
negative	other	no	no	anaerobe	thermo	1	0.26709313275660457		False	False	1.2844694334848032		False	False	1	False	1.8633485501015632		False	False	1	False	0.13794601752415164		False	False	0	True		False		False	
negative	other	no	yes	aerobe	psychro	0	0.06688945349236897		False	False	0.004385545209122647		False	False	0	False	0.0023554449569114216		False	False	0	False	0.0009296667362735473		False	False	0	False		False		False	empty, untestable under every null
negative	other	no	yes	aerobe	meso	1	6.714028894296535	0.026970030269700306	True	False	0.8718777868098808		False	False	1	False	0.3756234699579769		False	False	1	False	0.4218091500044639		False	False	1	False	0.024461190244611904	False		False	
negative	other	no	yes	aerobe	thermo	0	0.40969790264076		False	False	0.34780075560366874		False	False	0	False	0.008012406617027186		False	False	0	False	0.03654204728005183		False	False	0	False		False		False	empty, untestable under every null
negative	other	no	yes	facultative	psychro	0	0.015327283002700788		False	False	0.0008401397587488013		False	False	0	False	0.0004782308787740281		False	False	0	False	7.845269560541256e-05		False	False	0	False		False		False	empty, untestable under every null
negative	other	no	yes	facultative	meso	0	1.5384760313960917		False	False	0.29586070375702067		False	False	0	False	0.059622812761719705		False	False	0	False	0.024125898532319206		False	False	0	False		False		False	empty, untestable under every null
negative	other	no	yes	facultative	thermo	0	0.09387960839154233		False	False	0.12308541154613269		False	False	0	False	0.003076244749797466		False	False	0	False	0.000525992680698793		False	False	0	False		False		False	empty, untestable under every null
negative	other	no	yes	anaerobe	psychro	0	0.013764792987862356		False	False	0.00033407344943663125		False	False	0	False	0.003991537805556033		False	False	0	False	0.001902212982118924		False	False	0	False		False		False	empty, untestable under every null
negative	other	no	yes	anaerobe	meso	1	1.3816410961566838		False	False	0.6645227437305823		False	False	1	False	0.4582861369806716		False	False	1	False	0.3103061272806587		False	False	1	False		False		False	
negative	other	no	yes	anaerobe	thermo	0	0.08430935705065694		False	False	0.44033631783936306		False	False	0	False	0.06984156831718144		False	False	0	False	0.030136160107260584		False	False	0	False		False		False	empty, untestable under every null
negative	other	yes	no	aerobe	psychro	0	0.1590018713579046		False	False	0.49154848609379215		False	False	0	False	0.44168832719804046		False	False	0	False	0.2920181364193195		False	False	0	False		False		False	empty, untestable under every null
negative	other	yes	no	aerobe	meso	14	15.959812837549675	0.626974802519748	True	False	23.109920623968772	0.022191530846915306	True	False	14	False	22.217652478121508	0.04738097618809548	True	False	14	False	17.56947904433101	0.31673499316734993	True	False	13	False	0.624042595740426	False	0.3457654234576542	False	
negative	other	yes	no	aerobe	thermo	0	0.9738864620671658		False	False	0.3661122126058575		False	False	0	False	0.33153149594055764		False	False	0	False	0.3062904230787419		False	False	0	False		False		False	empty, untestable under every null
negative	other	yes	no	facultative	psychro	0	0.036434244159875805		False	False	0.08310292318973529		False	False	0	False	0.1132813038453807		False	False	0	False	0.15738948744950904		False	False	0	False		False		False	empty, untestable under every null
negative	other	yes	no	facultative	meso	8	3.6570872575475337	1.0	True	False	4.776222510635339	1.0	True	False	8	False	4.5385251621519584	1.0	True	False	8	False	3.956940585836799	0.999900009999	True	False	6	False	1.0	False	1.0	False	
negative	other	yes	no	facultative	thermo	0	0.22315974547923934		False	False	0.2231108872682562		False	False	0	False	0.21075556305723014		False	False	0	False	0.1752316875304079		False	False	0	False		False		False	empty, untestable under every null
negative	other	yes	no	anaerobe	psychro	0	0.03272007363872342		False	False	0.014282073201766788		False	False	0	False	0.017706987246783917		False	False	0	False	0.012370330254100044		False	False	0	False		False		False	empty, untestable under every null
negative	other	yes	no	anaerobe	meso	6	3.284277391486863	1.0	True	False	5.347655896803207	1.0	True	False	6	False	6.32619576657404	0.6539197932058647	True	False	5	False	5.511551865972423	0.6440422624404225	True	False	4	False	1.0	False	0.6350298303502984	False	
negative	other	yes	no	anaerobe	thermo	3	0.20041045103718094		False	False	1.1108772680682923		False	False	1	False	0.21698971980583562		False	False	0	True	0.15783665490325344		False	False	0	True		False		False	
negative	other	yes	yes	aerobe	psychro	0	0.05018977989318866		False	False	0.007015928488866945		False	False	0	False	0.004850634396823616		False	False	0	False	0.0018783715849838732		False	False	0	False		False		False	empty, untestable under every null
negative	other	yes	yes	aerobe	meso	0	5.037799156778811	0.02464039310354679	True	True	0.5558880649247259		False	False	0	False	0.37319060747589683		False	False	0	False	0.331236632912851		False	False	0	False	0.024461190244611904	True		False	phylogenetic structure — fires under global only; untestable at order level
negative	other	yes	yes	aerobe	thermo	0	0.3074124018457805		False	False	0.036213579110704434		False	False	0	False	0.009783828085247854		False	False	0	False	0.02247830321438188		False	False	0	False		False		False	empty, untestable under every null
negative	other	yes	yes	facultative	psychro	0	0.011500661466069926		False	False	0.0013787612987066831		False	False	0	False	0.001235616420395836		False	False	0	False	0.00026155752975727786		False	False	0	False		False		False	empty, untestable under every null
negative	other	yes	yes	facultative	meso	0	1.1543788946567686		False	False	0.21283369221457468		False	False	0	False	0.08428022220481274		False	False	0	False	0.028453588444239578		False	False	0	False		False		False	empty, untestable under every null
negative	other	yes	yes	facultative	thermo	0	0.07044155147967829		False	False	0.021789369082651278		False	False	0	False	0.004239458020161633		False	False	0	False	0.0006243924122473253		False	False	0	False		False		False	empty, untestable under every null
negative	other	yes	yes	anaerobe	psychro	0	0.010328263937975417		False	False	0.0003778327163789023		False	False	0	False	0.00352241742501443		False	False	0	False	0.0021758076814815974		False	False	0	False		False		False	empty, untestable under every null
negative	other	yes	yes	anaerobe	meso	3	1.0366994927742825		False	False	0.14000900392625787		False	False	3	False	0.38170447049027173		False	False	3	False	0.32647933106750915		False	False	2	False		False		False	
negative	other	yes	yes	anaerobe	thermo	0	0.06326061662009944		False	False	0.017317509694331237		False	False	0	False	0.06002864509299375		False	False	0	False	0.03825846472346648		False	False	0	False		False		False	empty, untestable under every null
positive	rod	no	no	aerobe	psychro	0	2.786734849404896		False	False	0.0752596413967286		False	False	0	False	0.026108568278055362		False	False	0	False	0.003535133451441072		False	False	0	False		False		False	empty, untestable under every null
positive	rod	no	no	aerobe	meso	182	279.7185105090164	0.0004928078620709357	True	False	236.72902100005746	0.0008374162583741627	True	False	182	False	230.1858856281388	0.0008856257231419716	True	False	179	False	186.68172750611436	0.09136229234219435	True	False	174	False	0.0004928078620709357	False	0.08839116088391162	False	
positive	rod	no	no	aerobe	thermo	2	17.068750952604987	0.0004928078620709357	True	False	7.738010977310142	0.033868835338688355	True	False	2	False	5.537463935530316	0.06695330466953305	True	False	1	False	1.8254142656999546		False	False	1	False	0.0004928078620709357	False		False	
positive	rod	no	no	facultative	psychro	0	0.638562156815805		False	False	0.036441006761783856		False	False	0	False	0.0038873407422488357		False	False	0	False	0.00015334625479054742		False	False	0	False		False		False	empty, untestable under every null
positive	rod	no	no	facultative	meso	95	64.09567649038641	1.0	True	False	42.75619976371038	1.0	True	False	95	False	42.2539231674727	1.0	True	False	95	False	92.82510506753162	0.999900009999	True	False	95	False	1.0	False	1.0	False	
positive	rod	no	no	facultative	thermo	0	3.911193210496805	0.04459911151741969	True	True	3.2084183217964783	0.10772522747725227	True	False	0	False	2.024354553641488		False	False	0	False	0.1457461962043996		False	False	0	False	0.04336709186224235	True		False	phylogenetic structure — fires under global only; untestable at order level
positive	rod	no	no	anaerobe	psychro	0	0.5734660146161356		False	False	0.031902190114307755		False	False	0	False	0.14147834204372878		False	False	0	False	0.07517413043488594		False	False	0	False		False		False	empty, untestable under every null
positive	rod	no	no	anaerobe	meso	53	57.56165121709459	0.48206717789759485	True	False	40.3661396583615	1.0	True	False	53	False	40.327415700659756	1.0	True	False	53	False	45.976790608553	0.999900009999	True	False	53	False	0.48790505564828135	False	1.0	False	
positive	rod	no	no	anaerobe	thermo	5	3.51247933952383	1.0	True	False	2.6769048372701647		False	False	5	False	3.510195712150241	1.0	True	False	4	False	1.1820883716290067		False	False	2	False	1.0	False		False	
positive	rod	no	yes	aerobe	psychro	0	0.8796475633766603		False	False	0.09420137638664859		False	False	0	False	0.002061307728561535		False	False	0	False	0.008803748546271693		False	False	0	False		False		False	empty, untestable under every null
positive	rod	no	yes	aerobe	meso	139	88.29462417393228	1.0	True	False	131.1912693075165	1.0	True	False	139	False	140.04239334260657	0.85985401459854	True	False	138	False	132.963733448866	0.999900009999	True	False	138	False	1.0	False	1.0	False	
positive	rod	no	yes	aerobe	thermo	10	5.387841325682045	1.0	True	False	8.766359158965727	1.0	True	False	10	False	6.587519534640406	1.0	True	False	10	False	8.58239378533156	0.999900009999	True	False	8	False	1.0	False	1.0	False	
positive	rod	no	yes	facultative	psychro	0	0.2015655150785228		False	False	0.06277626170181794		False	False	0	False	0.0019253809676437316		False	False	0	False	2.2386314567963133e-06		False	False	0	False		False		False	empty, untestable under every null
positive	rod	no	yes	facultative	meso	15	20.232138576006726	0.2603996743182825	True	False	47.530571909054615	0.0008374162583741627	True	False	15	False	52.73966745064278	0.0008856257231419716	True	False	15	False	21.154843058041976	0.31673499316734993	True	False	15	False	0.26414501407002156	False	0.30832916708329167	False	
positive	rod	no	yes	facultative	thermo	1	1.2345887798559523		False	False	5.419542147245389	0.06671416191714162	True	False	1	False	3.8526217295402967	0.2957104289571043	True	False	1	False	1.3214073181915262		False	False	1	False		False		False	
positive	rod	no	yes	anaerobe	psychro	1	0.18101757422100348		False	False	0.05142509753954538		False	False	1	False	0.21691902439451002		False	False	1	False	0.2899180775968539		False	False	1	False		False		False	
positive	rod	no	yes	anaerobe	meso	22	18.169639012433223	1.0	True	False	39.1952953721694	0.0030919984924584467	True	False	22	False	28.702989704459274	0.18889875718310523	True	False	22	False	21.334668068159303	0.999900009999	True	False	22	False	1.0	False	1.0	False	
positive	rod	no	yes	anaerobe	thermo	4	1.1087326421036465		False	False	4.481661996597776	0.9704975448401104	True	False	4	False	6.01630098875873	0.5417304423403814	True	False	4	False	3.8363690680720546	0.051994800519948	True	False	0	True		False	0.06845982068459822	False	
positive	rod	yes	no	aerobe	psychro	0	2.0909964338139853		False	False	0.08270643911352582		False	False	0	False	0.022857964671723213		False	False	0	False	0.006766968555966729		False	False	0	False		False		False	empty, untestable under every null
positive	rod	yes	no	aerobe	meso	33	209.88376704407878	0.0004928078620709357	True	False	64.52627055881935	0.0008374162583741627	True	False	33	False	67.2416204808957	0.0008856257231419716	True	False	31	False	40.191190662850104	0.069326400693264	True	False	30	False	0.0004928078620709357	False	0.06845982068459822	False	
positive	rod	yes	no	aerobe	thermo	1	12.807353157110661	0.0004928078620709357	True	False	6.039944233037445	0.043545645435456456	True	False	1	False	4.069920510781486	0.24242838874007339	True	False	1	False	1.3693429786114808		False	False	1	False	0.0004928078620709357	False		False	
positive	rod	yes	no	facultative	psychro	0	0.47913822621321583		False	False	0.04775475153873053		False	False	0	False	0.006179866975294851		False	False	0	False	0.000512751539455893		False	False	0	False		False		False	empty, untestable under every null
positive	rod	yes	no	facultative	meso	11	48.09349945615154	0.0004928078620709357	True	False	31.61334046189779	0.0008374162583741627	True	False	11	False	34.35674465771942	0.0008856257231419716	True	False	11	False	9.271589829467093	0.999900009999	True	False	10	False	0.0004928078620709357	False	1.0	False	
positive	rod	yes	no	facultative	thermo	0	2.934721635555947		False	False	3.9107948161937087	0.05237658052376581	True	False	0	False	2.632448759100017		False	False	0	False	0.335143888561382		False	False	0	False		False		False	empty, testable, not significant under any null
positive	rod	yes	no	anaerobe	psychro	0	0.4302940381041015		False	False	0.03853922221264177		False	False	0	False	0.12113484023414765		False	False	0	False	0.08459357920610114		False	False	0	False		False		False	empty, untestable under every null
positive	rod	yes	no	anaerobe	meso	5	43.19076407469919	0.0004928078620709357	True	False	25.9366424293515	0.0008374162583741627	True	False	5	False	16.149127488376244	0.0018598140185981404	True	False	5	False	13.28055277116014	0.035096490350964904	True	False	5	False	0.0004928078620709357	False	0.022531080225310803	False	
positive	rod	yes	no	anaerobe	thermo	4	2.635550983387622		False	False	3.2032547645372422	1.0	True	False	4	False	4.264843284953246	1.0	True	False	4	False	1.857945886745987		False	False	2	False		False		False	
positive	rod	yes	yes	aerobe	psychro	0	0.6600340604440883		False	False	0.12558745850666192		False	False	0	False	0.0018641221421623843		False	False	0	False	0.009944946215622743		False	False	0	False		False		False	empty, untestable under every null
positive	rod	yes	yes	aerobe	meso	200	66.25091881707536	1.0	True	False	88.05789087495032	1.0	True	False	200	False	105.95632369649313	1.0	True	False	200	False	182.20158087214384	0.999900009999	True	False	197	False	1.0	False	1.0	False	
positive	rod	yes	yes	aerobe	thermo	23	4.042708620220041	1.0	True	False	10.733257238293367	1.0	True	False	23	False	8.043369286199802	1.0	True	False	23	False	19.228123578135534	0.999900009999	True	False	21	False	1.0	False	1.0	False	
positive	rod	yes	yes	facultative	psychro	0	0.1512425099571548		False	False	0.08376472927889289		False	False	0	False	0.0017101652867447853		False	False	0	False	7.485423933662672e-06		False	False	0	False		False		False	empty, untestable under every null
positive	rod	yes	yes	facultative	meso	61	15.180966936949414	1.0	True	False	54.858829780019484	1.0	True	False	61	False	66.96781843189748	0.44164383561643833	True	False	61	False	59.00146128263788	0.999900009999	True	False	60	False	1.0	False	1.0	False	
positive	rod	yes	yes	facultative	thermo	4	0.9263603734875733		False	False	7.124960914046039	0.32135173579416254	True	False	4	False	5.3529390067727975	0.7992772151356293	True	False	4	False	4.473828388827562	0.999900009999	True	False	4	False		False	1.0	False	
positive	rod	yes	yes	anaerobe	psychro	0	0.13582458418482352		False	False	0.06859199269332283		False	False	0	False	0.1889209869938668		False	False	0	False	0.32615816842736367		False	False	0	False		False		False	empty, untestable under every null
positive	rod	yes	yes	anaerobe	meso	29	13.633392637551658	1.0	True	False	44.950210557641824	0.00937906209379062	True	False	29	False	26.01757676682383	1.0	True	False	29	False	24.862115103580717	0.999900009999	True	False	28	False	1.0	False	1.0	False	
positive	rod	yes	yes	anaerobe	thermo	17	0.831925578132044		False	False	5.8355884395544795	1.0	True	False	17	False	9.589621763697949	1.0	True	False	15	False	7.886047611755633	0.999900009999	True	False	11	False		False	1.0	False	
positive	coccus	no	no	aerobe	psychro	0	0.28533550329946394		False	False	0.008301347751599844		False	False	0	False	0.0004432416606897255		False	False	0	False	8.313648193603233e-05		False	False	0	False		False		False	empty, untestable under every null
positive	coccus	no	no	aerobe	meso	82	28.64055114368369	1.0	True	False	51.4404129694521	1.0	True	False	82	False	51.683230656790116	1.0	True	False	82	False	65.54981060022388	0.999900009999	True	False	81	False	1.0	False	1.0	False	
positive	coccus	no	no	aerobe	thermo	2	1.7476799577092168		False	False	2.265357492140335		False	False	2	False	1.779004616363785		False	False	1	False	1.0027992494805977		False	False	1	False		False		False	
positive	coccus	no	no	facultative	psychro	0	0.06538277383725202		False	False	0.0053357579579595745		False	False	0	False	0.00015905868511311794		False	False	0	False	1.0138595358052722e-05		False	False	0	False		False		False	empty, untestable under every null
positive	coccus	no	no	facultative	meso	53	6.562795923914171	1.0	True	False	8.122520325016305	1.0	True	False	53	False	8.273340285197202	1.0	True	False	53	False	49.673511414189065	0.999900009999	True	False	53	False	1.0	False	1.0	False	
positive	coccus	no	no	facultative	thermo	0	0.40046948975316865		False	False	0.5985124083721304		False	False	0	False	0.3764991155358736		False	False	0	False	0.050989148955501884		False	False	0	False		False		False	empty, untestable under every null
positive	coccus	no	no	anaerobe	psychro	0	0.058717539611124386		False	False	0.004361075508774852		False	False	0	False	0.010817701223205122		False	False	0	False	6.759063572035148e-07		False	False	0	False		False		False	empty, untestable under every null
positive	coccus	no	no	anaerobe	meso	13	5.89377303846661	1.0	True	False	8.431839056185378	1.0	True	False	13	False	6.117827301335869	1.0	True	False	12	False	11.348533998733979	0.999900009999	True	False	11	False	1.0	False	1.0	False	
positive	coccus	no	no	anaerobe	thermo	0	0.3596449301181369		False	False	0.6311565232847487		False	False	0	False	0.2219146825066597		False	False	0	False	0.060506450852846005		False	False	0	False		False		False	empty, untestable under every null
positive	coccus	no	yes	aerobe	psychro	0	0.09006765759427239		False	False	0.014487571539010936		False	False	0	False	0.00015210528489377522		False	False	0	False	1.2136712691391582e-06		False	False	0	False		False		False	empty, untestable under every null
positive	coccus	no	yes	aerobe	meso	2	9.04054113102509	0.01706671438119346	True	False	24.721789246252985	0.0008374162583741627	True	False	2	False	27.152865864626012	0.0008856257231419716	True	False	2	False	8.221032638563862	0.035096490350964904	True	False	2	False	0.019971687041822134	False	0.046795320467953205	False	
positive	coccus	no	yes	aerobe	thermo	0	0.5516644027649183		False	False	1.4681845576549821		False	False	0	False	1.0293438078812787		False	False	0	False	0.17944076215258076		False	False	0	False		False		False	empty, untestable under every null
positive	coccus	no	yes	facultative	psychro	0	0.020638417646740948		False	False	0.009670659143367693		False	False	0	False	0.00014986395138730392		False	False	0	False	1.480086913584339e-07		False	False	0	False		False		False	empty, untestable under every null
positive	coccus	no	yes	facultative	meso	0	2.0715811712916223		False	False	7.7884610128761675	0.0018270900182709002	True	True	0	False	8.993541100784393	0.0015498450154984502	True	True	0	False	1.5899144347354668		False	False	0	False		False		False	phylogenetic structure — fires under phylum/class only; untestable at order level
positive	coccus	no	yes	facultative	thermo	0	0.1264103080862883		False	False	0.8633310998730201		False	False	0	False	0.6078407021010592		False	False	0	False	0.021296434560734538		False	False	0	False		False		False	empty, untestable under every null
positive	coccus	no	yes	anaerobe	psychro	0	0.01853450128469454		False	False	0.007920062063785973		False	False	0	False	0.017011805351639972		False	False	0	False	9.867246090562264e-09		False	False	0	False		False		False	empty, untestable under every null
positive	coccus	no	yes	anaerobe	meso	1	1.8604005664512142		False	False	6.530080179173391	0.033868835338688355	True	False	1	False	2.985885317077901		False	False	1	False	1.2249059849622808		False	False	1	False		False		False	
positive	coccus	no	yes	anaerobe	thermo	0	0.11352382036875407		False	False	0.789104033786833		False	False	0	False	0.3367342613201733		False	False	0	False	0.06261264803633557		False	False	0	False		False		False	empty, untestable under every null
positive	coccus	yes	no	aerobe	psychro	0	0.2140984169940347		False	False	0.011041539960726503		False	False	0	False	0.0007103083781315532		False	False	0	False	0.0002779876114736081		False	False	0	False		False		False	empty, untestable under every null
positive	coccus	yes	no	aerobe	meso	15	21.490128605776228	0.170924842999571	True	False	11.073946248123585	1.0	True	False	15	False	11.934507097110655	1.0	True	False	15	False	9.086633984495236	0.999900009999	True	False	14	False	0.17671136112195232	False	1.0	False	
positive	coccus	yes	no	aerobe	thermo	0	1.3113528040884626		False	False	0.9422669273205853		False	False	0	False	0.6686213482229026		False	False	0	False	0.07131837305048662		False	False	0	False		False		False	empty, untestable under every null
positive	coccus	yes	no	facultative	psychro	0	0.04905925906648625		False	False	0.007130227014677065		False	False	0	False	0.0002507466394843738		False	False	0	False	3.39009282284888e-05		False	False	0	False		False		False	empty, untestable under every null
positive	coccus	yes	no	facultative	meso	2	4.924323128798558	0.24330214037419787	True	False	4.980130368341383	0.27213140754890025	True	False	2	False	5.667917461393886	0.2335099823350998	True	False	2	False	2.9513079764957655		False	False	2	False	0.25344818459330537	False		False	
positive	coccus	yes	no	facultative	thermo	0	0.3004879617822283		False	False	0.6037213775858143		False	False	0	False	0.4269938484870258		False	False	0	False	0.008989017040734272		False	False	0	False		False		False	empty, untestable under every null
positive	coccus	yes	no	anaerobe	psychro	0	0.044058072462621146		False	False	0.005791383416847173		False	False	0	False	0.009415494097415622		False	False	0	False	2.2600618818992532e-06		False	False	0	False		False		False	empty, untestable under every null
positive	coccus	yes	no	anaerobe	meso	0	4.422329023435598	0.03420907909209079	True	True	4.089465420214301	0.0491284204912842	True	True	0	False	1.556058782837771		False	False	0	False	1.7315810488617007		False	False	0	False	0.03290440186750555	True		False	phylogenetic structure — fires under global/phylum only; untestable at order level
positive	coccus	yes	no	anaerobe	thermo	0	0.26985569383355457		False	False	0.49455201828996165		False	False	0	False	0.19024301237250157		False	False	0	False	0.0572488975884238		False	False	0	False		False		False	empty, untestable under every null
positive	coccus	yes	yes	aerobe	psychro	0	0.06758129531836177		False	False	0.019332618856142778		False	False	0	False	0.00013643593902265365		False	False	0	False	4.05821330618406e-06		False	False	0	False		False		False	empty, untestable under every null
positive	coccus	yes	yes	aerobe	meso	1	6.783472517580562	0.0278972102789721	True	False	14.001711463493075	0.0008374162583741627	True	False	1	False	17.633701580752	0.0008856257231419716	True	False	1	False	6.964077557076228	0.035096490350964904	True	False	1	False	0.025797420257974206	False	0.022531080225310803	False	
positive	coccus	yes	yes	aerobe	thermo	0	0.4139354338249659		False	False	1.6584610087179852		False	False	0	False	1.3084845021479565		False	False	0	False	0.38836472913395825		False	False	0	False		False		False	empty, untestable under every null
positive	coccus	yes	yes	facultative	psychro	0	0.015485814055152976		False	False	0.012904681335162012		False	False	0	False	0.00013174335419607438		False	False	0	False	4.949040617297634e-07		False	False	0	False		False		False	empty, untestable under every null
positive	coccus	yes	yes	facultative	meso	0	1.5543885857859798		False	False	8.495841333864984	0.0014887400148874002	True	True	0	False	10.911996442291018	0.0008856257231419716	True	True	0	False	0.9920353840304047		False	False	0	False		False		False	phylogenetic structure — fires under phylum/class only; untestable at order level
positive	coccus	yes	yes	facultative	thermo	0	0.094850611087812		False	False	1.0983528440641395		False	False	0	False	0.867867833465158		False	False	0	False	0.08370203552665392		False	False	0	False		False		False	empty, untestable under every null
positive	coccus	yes	yes	anaerobe	psychro	0	0.013907163107783014		False	False	0.01056830090626895		False	False	0	False	0.014816771591727725		False	False	0	False	3.299360411531757e-08		False	False	0	False		False		False	empty, untestable under every null
positive	coccus	yes	yes	anaerobe	meso	0	1.39593149694372		False	False	6.962662581670086	0.0033496650334966507	True	True	0	False	2.2632573763993977		False	False	0	False	0.8396024901923584		False	False	0	False		False		False	phylogenetic structure — fires under phylum only; untestable at order level
positive	coccus	yes	yes	anaerobe	thermo	0	0.08518137403517097		False	False	0.8996033781463068		False	False	0	False	0.31150749695316493		False	False	0	False	0.06241559103645035		False	False	0	False		False		False	empty, untestable under every null
positive	other	no	no	aerobe	psychro	0	0.17094990506047175		False	False	0.0018010566008479921		False	False	0	False	0.0006959052896076347		False	False	0	False	0.00017294163763696718		False	False	0	False		False		False	empty, untestable under every null
positive	other	no	no	aerobe	meso	16	17.15909672044485	0.7481544528473982	True	False	29.01833412132245	0.0022331100223311005	True	False	16	False	26.670928070117906	0.0018598140185981404	True	False	15	False	20.08429745014287	0.31673499316734993	True	False	15	False	0.735533763696801	False	0.30832916708329167	False	
positive	other	no	no	aerobe	thermo	0	1.0470681684953895		False	False	0.9167961365453494		False	False	0	False	0.372095068187503		False	False	0	False	0.17007086836034763		False	False	0	False		False		False	empty, untestable under every null
positive	other	no	no	facultative	psychro	0	0.03917205833421266		False	False	0.000847462040392218		False	False	0	False	0.000168544472196675		False	False	0	False	1.2673244197565901e-05		False	False	0	False		False		False	empty, untestable under every null
positive	other	no	no	facultative	meso	9	3.9318953552965956	1.0	True	False	3.38863278631194	1.0	True	False	9	False	2.9237167299493647		False	False	9	False	5.760835593408369	0.999900009999	True	False	9	False	1.0	False	1.0	False	
positive	other	no	no	facultative	thermo	0	0.23992885729705254		False	False	0.24017519601193077		False	False	0	False	0.05206911355448044		False	False	0	False	0.005815963072951165		False	False	0	False		False		False	empty, untestable under every null
positive	other	no	no	anaerobe	psychro	0	0.03517879025159874		False	False	0.0007034402319440284		False	False	0	False	0.008164113008503332		False	False	0	False	0.002278539045105087		False	False	0	False		False		False	empty, untestable under every null
positive	other	no	no	anaerobe	meso	4	3.5310710715042237	1.0	True	False	3.4224848336908167	1.0	True	False	4	False	3.9833203900342755	1.0	True	False	4	False	4.140776025104062	0.999900009999	True	False	4	False	1.0	False	1.0	False	
positive	other	no	no	anaerobe	thermo	0	0.2154700902910423		False	False	0.6416628808767662		False	False	0	False	0.15062982089728819		False	False	0	False	0.06743030236297391		False	False	0	False		False		False	empty, untestable under every null
positive	other	no	yes	aerobe	psychro	0	0.05396123979216318		False	False	0.002118962528684398		False	False	0	False	0.00011664261179357156		False	False	0	False	0.0002677410820659986		False	False	0	False		False		False	empty, untestable under every null
positive	other	no	yes	aerobe	meso	22	5.416359444138379	1.0	True	False	11.319983209473984	1.0	True	False	22	False	12.04574152251967	1.0	True	False	22	False	20.023331763016593	0.999900009999	True	False	22	False	1.0	False	1.0	False	
positive	other	no	yes	aerobe	thermo	2	0.33051259372699954		False	False	0.47374886831674323		False	False	2	False	2.0777589847264757		False	False	2	False	2.8396068242018235		False	False	2	False		False		False	
positive	other	no	yes	facultative	psychro	0	0.012364866960161976		False	False	0.0014111314146833425		False	False	0	False	0.0001128506809875233		False	False	0	False	1.8501086419804236e-07		False	False	0	False		False		False	empty, untestable under every null
positive	other	no	yes	facultative	meso	0	1.2411235211262583		False	False	1.9487434770481464		False	False	0	False	1.8993559417089196		False	False	0	False	1.0770932879067376		False	False	0	False		False		False	empty, untestable under every null
positive	other	no	yes	facultative	thermo	2	0.0757348101309921		False	False	0.1939752439793591		False	False	2	False	0.536249071997002		False	False	2	False	0.4834269551140266		False	False	2	False		False		False	
positive	other	no	yes	anaerobe	psychro	0	0.011104370813737698		False	False	0.0011555504808988925		False	False	0	False	0.012759132764316722		False	False	0	False	0.008785404102383577		False	False	0	False		False		False	empty, untestable under every null
positive	other	no	yes	anaerobe	meso	2	1.1146012204289213		False	False	1.8877012614724626		False	False	2	False	1.7906554015998217		False	False	2	False	1.368891343958693		False	False	2	False		False		False	
positive	other	no	yes	anaerobe	thermo	0	0.0680142712341434		False	False	0.36303728100234867		False	False	0	False	0.2244467686012194		False	False	0	False	0.13727361068240765		False	False	0	False		False		False	empty, untestable under every null
positive	other	yes	no	aerobe	psychro	0	0.1282704172299062		False	False	0.002199216492787519		False	False	0	False	0.0009721421914201352		False	False	0	False	0.0004251331789610527		False	False	0	False		False		False	empty, untestable under every null
positive	other	yes	no	aerobe	meso	2	12.875143129451834	0.0004928078620709357	True	False	3.712897173895562	0.5497510854975108	True	False	2	False	3.131960817538298	0.8027128321650594	True	False	2	False	1.96271891743394		False	False	2	False	0.0004928078620709357	False		False	
positive	other	yes	no	aerobe	thermo	0	0.7856563055331756		False	False	0.15957587067347934		False	False	0	False	0.07209023920225557		False	False	0	False	0.007085029819595988		False	False	0	False		False		False	empty, untestable under every null
positive	other	yes	no	facultative	psychro	0	0.02939233142309308		False	False	0.0011339219444583219		False	False	0	False	0.0002991775344169408		False	False	0	False	4.2376160285610985e-05		False	False	0	False		False		False	empty, untestable under every null
positive	other	yes	no	facultative	meso	0	2.9502552665929676		False	False	0.9340798747108459		False	False	0	False	0.6688313468928709		False	False	0	False	0.40605727368320765		False	False	0	False		False		False	empty, untestable under every null
positive	other	yes	no	facultative	thermo	0	0.18002802996644512		False	False	0.09024605269494639		False	False	0	False	0.03584510226479593		False	False	0	False	0.0013289867232025164		False	False	0	False		False		False	empty, untestable under every null
positive	other	yes	no	anaerobe	psychro	0	0.02639602579258359		False	False	0.000870461714223971		False	False	0	False	0.0070840016991762355		False	False	0	False	0.0025652310097807806		False	False	0	False		False		False	empty, untestable under every null
positive	other	yes	no	anaerobe	meso	2	2.649501088930578		False	False	0.7707244578245407		False	False	2	False	0.9885985856525971		False	False	2	False	1.1277885828536574		False	False	2	False		False		False	
positive	other	yes	no	anaerobe	thermo	0	0.1616756579795745		False	False	0.073958090858518		False	False	0	False	0.12308117691762296		False	False	0	False	0.07908773815246359		False	False	0	False		False		False	empty, untestable under every null
positive	other	yes	yes	aerobe	psychro	0	0.04048923419954714		False	False	0.00282699054779436		False	False	0	False	0.00010668785204899149		False	False	0	False	0.00030457475873475157		False	False	0	False		False		False	empty, untestable under every null
positive	other	yes	yes	aerobe	meso	2	4.064106882779544	0.42011204284976905	True	False	2.776776009113839		False	False	2	False	2.200648942482571		False	False	2	False	0.9816619918712994		False	False	2	False	0.40258406591773255	False		False	
positive	other	yes	yes	aerobe	thermo	0	0.24799655947222626		False	False	0.24957966389745181		False	False	0	False	0.1095526807627839		False	False	0	False	0.6271980057845844		False	False	0	False		False		False	empty, untestable under every null
positive	other	yes	yes	facultative	psychro	0	0.009277844544056408		False	False	0.0018831954682563149		False	False	0	False	9.99688483276535e-05		False	False	0	False	6.186300771622043e-07		False	False	0	False		False		False	empty, untestable under every null
positive	other	yes	yes	facultative	meso	0	0.931263646109662		False	False	1.3112221753399984		False	False	0	False	0.9326199728259288		False	False	0	False	0.15866732340475667		False	False	0	False		False		False	empty, untestable under every null
positive	other	yes	yes	facultative	thermo	0	0.05682679783234551		False	False	0.1609356126615268		False	False	0	False	0.06899753449887593		False	False	0	False	0.013570742251545025		False	False	0	False		False		False	empty, untestable under every null
positive	other	yes	yes	anaerobe	psychro	0	0.008332044857526387		False	False	0.0015414794203681087		False	False	0	False	0.011112756450001936		False	False	0	False	0.009883606981371855		False	False	0	False		False		False	empty, untestable under every null
positive	other	yes	yes	anaerobe	meso	1	0.836329002574211		False	False	1.0767611848499914		False	False	1	False	1.1937286443778286		False	False	1	False	1.4560392965153865		False	False	1	False		False		False	
positive	other	yes	yes	anaerobe	thermo	0	0.05103377475234912		False	False	0.13183688354412385		False	False	0	False	0.19387288676496509		False	False	0	False	0.17738200095778056		False	False	0	False		False		False	empty, untestable under every null
