GTDB phylum	N	%
Pseudomonadota	813	31.5%
Bacillota	733	28.4%
Actinomycetota	481	18.6%
Bacteroidota	409	15.9%
Desulfobacterota	25	1.0%
Deinococcota	21	0.8%
Acidobacteriota	16	0.6%
Chloroflexota	16	0.6%
Campylobacterota	13	0.5%
Verrucomicrobiota	12	0.5%
Bacillota_I	8	0.3%
Synergistota	6	0.2%
Fusobacteriota	5	0.2%
Thermotogota	5	0.2%
Aquificota	4	0.2%
Chrysiogenota	3	0.1%
Nitrospirota	2	0.1%
Gemmatimonadota	2	0.1%
Dictyoglomota	1	0.0%
Planctomycetota	1	0.0%
Spirochaetota	1	0.0%
Armatimonadota	1	0.0%
Thermosulfidibacterota	1	0.0%
Campylobacterota_A	1	0.0%
