gram	shape	motility	spore	oxygen	cell	observed	evo_ARD_expected	evo_ARD_sd	evo_ARD_p_low	evo_ARD_q	evo_ARD_testable	evo_ARD_emptier	evo_HRM_expected	evo_HRM_sd	evo_HRM_p_low	evo_HRM_q	evo_HRM_testable	evo_HRM_emptier	evo_robust_emptier	evo_robust_empty	perm_global_expected	perm_global_sd	perm_global_q	perm_global_testable	perm_global_emptier	perm_phylum_expected	perm_phylum_sd	perm_phylum_q	perm_phylum_testable	perm_phylum_emptier	perm_class_expected	perm_class_sd	perm_class_q	perm_class_testable	perm_class_emptier	perm_order_expected	perm_order_sd	perm_order_q	perm_order_testable	perm_order_emptier	perm_any_emptier	category	note	origins_mean	origins_lo	origins_hi	origins_p_zero
negative	rod	no	no	aerobe	negative·rod·no·no·aerobe	503	260.0853	284.0204344490525	0.7784221577842215	0.895110488951105	True	False	219.9213	282.1719468818097	0.8104189581041896	0.8104189581041897	True	False	False	False	371.3469329272098	13.72789114349409	1.0	True	False	504.6280844988495	7.645538445986953	0.5801179882011799	True	False	506.2318503681302	7.11481229738449	0.38505694885056946	True	False	495.44495008049853	5.444540431501546	0.510948905109489	True	False	False	neither		227.355	200.95	256.05	0.0
negative	rod	no	no	facultative	negative·rod·no·no·facultative	41	100.6533	89.95016065716753	0.3394660533946605	0.452621404526214	True	False	86.3361	123.31822523559732	0.5603439656034397		False	False	False	False	85.09173324027276	7.8407207864599835	0.00045828750458287503	True	True	60.71584455093617	5.499036160942164	0.0015690738618445849	True	True	51.00180969132489	4.9049347796475455	0.08364163583641636	True	False	42.60036419654465	4.050605319174632	0.5236553267750148	True	False	True	permutation only	the tree makes this count far more variable (SD 90.0 vs 5.5 under the phylum shuffle), so a shortfall to 41 from 60.7 is within what independently evolving traits produce	71.3	59.975	83.05000000000001	0.0
negative	rod	no	no	anaerobe	negative·rod·no·no·anaerobe	94	859.6126	391.27676914461284	0.014498550144985502	0.071992800719928	True	False	136.8624	244.13417830353268	0.7099290070992901		False	False	False	False	76.41733324975952	7.4709722736305775	1.0	True	False	74.71944213897604	4.140281236142923	1.0	True	False	78.32754150133728	4.37618629668019	1.0	True	False	73.97501935110606	2.737017607303832	0.9998000199980001	True	False	False	neither		67.805	57.0	80.025	0.0
negative	rod	no	yes	aerobe	negative·rod·no·yes·aerobe	7	29.0418	47.79110013051751	0.47905209479052097		False	False	9.3987	21.721517459469965	0.6912308769123088		False	False	False	False	117.21761931766594	9.228672721475068	0.00045828750458287503	True	True	14.629015497154144	3.2851505075001666	0.03427990534279905	True	True	9.414980020511486	2.5245011988809978	0.46673158771079415	True	False	7.791030596817312	2.081081798182217	0.9998000199980001	True	False	True	permutation only	the tree makes this count far more variable (SD 47.8 vs 3.3 under the phylum shuffle), so a shortfall to 7 from 14.6 is within what independently evolving traits produce	10.235	7.0	16.0	0.0
negative	rod	no	yes	facultative	negative·rod·no·yes·facultative	3	11.3852	17.477298605810212	0.4296570342965703		False	False	3.6421	9.260506643177719	0.7494250574942506		False	False	False	False	26.859654704604207	4.8665274369562015	0.00045828750458287503	True	True	6.774563755856122	2.453652421412322	0.20346965303469652	True	False	3.1663000554856335	1.6337816167363333	1.0	True	False	1.849782284767952	1.225916161577791		False	False	True	permutation only	the tree makes this count far more variable (SD 17.5 vs 4.9 under the global shuffle), so a shortfall to 3 from 26.9 is within what independently evolving traits produce	4.665	3.0	9.0	0.0
negative	rod	no	yes	anaerobe	negative·rod·no·yes·anaerobe	4	96.7075	90.60704226140925	0.022397760223977603	0.071992800719928	True	False	5.572	16.211245986957042	0.7672232776722328		False	False	False	False	24.121534564814453	4.584865128236819	0.00045828750458287503	True	True	5.634687554304342	2.273936981250233	0.6096723660967236	True	False	9.679018718647521	2.5241096578362847	0.017556577675565777	True	True	6.172262912982209	2.0172452476569567	0.15418458154184583	True	False	True	permutation only	the tree makes this count far more variable (SD 90.6 vs 2.5 under the class shuffle), so a shortfall to 4 from 9.7 is within what independently evolving traits produce	11.03	6.0	17.0	0.0
negative	rod	yes	no	aerobe	negative·rod·yes·no·aerobe	464	130.307	145.1211575409883	0.9693030696930307	0.9693030696930306	True	False	139.6498	184.65694565522833	0.9193080691930807		False	False	False	False	278.63616541213975	12.958692366667526	1.0	True	False	456.4089833215231	7.4975713760036315	1.0	True	False	444.39894130917946	7.082204357350867	1.0	True	False	436.63317229206865	5.474494044431981	0.9998000199980001	True	False	False	neither		175.505	145.0	209.0	0.0
negative	rod	yes	no	facultative	negative·rod·yes·no·facultative	93	49.9367	46.622269965282456	0.8205179482051795	0.895110488951105	True	False	54.9264	81.751005533452	0.7842215778422158		False	False	False	False	63.847664154505885	7.0090696442993945	1.0	True	False	78.66398720184692	5.5883413039349	1.0	True	False	83.98168654953216	5.211504474664169	1.0	True	False	81.4133700378937	4.110270905117657	0.9998000199980001	True	False	False	neither		82.585	68.0	98.025	0.0
negative	rod	yes	no	anaerobe	negative·rod·yes·no·anaerobe	53	429.3668	205.1804131927701	0.023997600239976002	0.071992800719928	True	False	88.134	160.21017874697552	0.6897310268973103		False	False	False	False	57.33892169215334	6.688963960841383	0.5209812352098123	True	False	49.461323015360236	4.098630916256543	0.7246551206948271	True	False	47.45905268594754	4.257335575580298	0.1351688360575707	True	False	36.24855980571722	2.632406224591038	0.9772669791844344	True	False	False	neither		65.565	52.975	82.0	0.0
negative	rod	yes	yes	aerobe	negative·rod·yes·yes·aerobe	14	14.6621	25.79261230420398	0.7193280671932807		False	False	6.0515	15.077837440037143	0.8861113888611138		False	False	False	False	87.95297623157293	8.361609773781861	0.00045828750458287503	True	True	17.8980196503735	3.543087704988776	0.41769459417694593	True	False	10.459481514942524	2.626142810859963	1.0	True	False	13.555201689797375	2.621479558863415	0.9026472352764723	True	False	True	permutation only	the tree makes this count far more variable (SD 25.8 vs 8.4 under the global shuffle), so a shortfall to 14 from 88.0 is within what independently evolving traits produce	19.245	16.0	24.025000000000006	0.0
negative	rod	yes	yes	facultative	negative·rod·yes·yes·facultative	7	5.632	10.120811186950935	0.7809219078092191		False	False	2.3179	6.216373856227904	0.92010798920108		False	False	False	False	20.15385217319691	4.287347627011043	0.0016921384784598463	True	True	9.006672218807136	2.7993145287579715	0.5925215170790613	True	False	4.246101856992989	1.8801050895026583	1.0	True	False	5.298715121122007	1.8637402619147159	0.9998000199980001	True	False	True	permutation only	the tree makes this count far more variable (SD 10.1 vs 4.3 under the global shuffle), so a shortfall to 7 from 20.2 is within what independently evolving traits produce	10.685	8.0	15.0	0.0
negative	rod	yes	yes	anaerobe	negative·rod·yes·yes·anaerobe	17	48.7324	48.736747093868594	0.281971802819718	0.422957704229577	True	False	3.7407	11.820669876688388	0.9455054494550545		False	False	False	False	18.09933326233703	4.0590832805621	0.7320738514383855	True	False	6.810046910370132	2.4430399038873576	1.0	True	False	10.475102235557038	2.4154380908202113	1.0	True	False	7.422791439527916	1.9958233026316776	0.9998000199980001	True	False	False	neither		24.77	19.975	33.0	0.0
negative	coccus	no	no	aerobe	negative·coccus·no·no·aerobe	28	31.8396	41.44725394191866	0.64003599640036		False	False	52.3356	87.86965278313113	0.6088391160883911		False	False	False	False	38.02244193706659	5.455178020341487	0.0964695197146952	True	False	20.620922292634845	3.3539325323738765	1.0	True	False	20.29470202290769	3.087723760152403	1.0	True	False	17.55200396808049	2.8035733915631567	0.9998000199980001	True	False	False	neither		35.82	29.0	44.025000000000006	0.0
negative	coccus	no	no	facultative	negative·coccus·no·no·facultative	2	12.1966	14.32287202017442	0.2646735326467353		False	False	20.4607	37.725866187642296	0.42455754424557546		False	False	False	False	8.712595149094234	2.809054848978965	0.0164983501649835	True	True	2.776451169738313	1.5949575840276848		False	False	1.7493306057335074	1.3134925318842552		False	False	2.3865312421142644	1.3249685924147174		False	False	True	permutation only	the tree makes this count far more variable (SD 14.3 vs 2.8 under the global shuffle), so a shortfall to 2 from 8.7 is within what independently evolving traits produce	7.845	3.9750000000000005	13.0	0.0
negative	coccus	no	no	anaerobe	negative·coccus·no·no·anaerobe	15	104.1677	64.84320196284348	0.058994100589941006	0.11798820117988201	True	False	32.6799	73.65373258173899	0.6804319568043196		False	False	False	False	7.824417973701132	2.7726555518860834	1.0	True	False	2.1687231850447177	1.3637080331947637		False	False	6.212979838532448	1.4935056175035906	1.0	True	False	10.978725867694832	1.152199540830916	0.9026472352764723	True	False	False	neither		15.275	9.975000000000001	23.0	0.0
negative	coccus	no	yes	aerobe	negative·coccus·no·yes·aerobe	0	3.6829	8.478628208833474	0.47795220477952205		False	False	2.3295	7.735251331489885	0.5981401859814018		False	False	False	False	12.0019844768201	3.303256802422623	0.00045828750458287503	True	True	1.9619302902818654	1.3731885607634795		False	False	0.8922580289397025	0.8966615866649564		False	False	0.5245096216922348	0.6657171619162653		False	False	True	permutation only	the tree makes this count far more variable (SD 8.5 vs 3.3 under the global shuffle), so a shortfall to 0 from 12.0 is within what independently evolving traits produce	1.25	0.0	3.0250000000000057	0.24
negative	coccus	no	yes	facultative	negative·coccus·no·yes·facultative	0	1.4114	3.5367500477258997	0.5980401959804019		False	False	0.8831	3.20303923423264	0.7398260173982601		False	False	False	False	2.7501766431868084	1.6291577048934596		False	False	1.063936356117049	1.041859148466157		False	False	0.40411448958386526	0.6514009223057581		False	False	0.041610487877112634	0.22355030165196255		False	False	False	neither		0.225	0.0	2.0	0.82
negative	coccus	no	yes	anaerobe	negative·coccus·no·yes·anaerobe	0	11.7777	15.977108922172045	0.08899110088991101		False	False	1.4333	6.443112794312911	0.7258274172582742		False	False	False	False	2.4698188300464055	1.560210283283624		False	False	1.1688782470626982	1.0507958107634148		False	False	0.9419071271020159	0.8906518008263115		False	False	0.39264896005294825	0.6108079020007628		False	False	False	neither		0.91	0.0	4.0	0.465
negative	coccus	yes	no	aerobe	negative·coccus·yes·no·aerobe	7	15.9389	21.880979057492937	0.5373462653734626		False	False	33.3725	57.11394001436426	0.5032496750324967		False	False	False	False	28.52972916037696	4.798943913127209	0.00045828750458287503	True	True	18.974398936567887	3.118031560200313	0.001274872512748725	True	True	17.57133918614667	2.936282450193394	0.0017816400178164002	True	True	15.230735582186497	2.5859200473420625	0.016798320167983202	True	True	True	permutation only	the tree makes this count far more variable (SD 21.9 vs 2.6 under the order shuffle), so a shortfall to 7 from 15.2 is within what independently evolving traits produce	19.25	13.0	27.0	0.0
negative	coccus	yes	no	facultative	negative·coccus·yes·no·facultative	1	6.0693	7.963368573279961	0.3491650834916508		False	False	13.1542	26.018238165404448	0.42805719428057193		False	False	False	False	6.537401787583597	2.4457446378182732	0.027235371700925142	True	True	3.7193601653218953	1.8623270069835935	0.2416186952733298	True	False	3.049024160652939	1.580260931715446	0.38505694885056946	True	False	2.028108482242631	1.2431426715590388		False	False	True	permutation only	the tree makes this count far more variable (SD 8.0 vs 2.4 under the global shuffle), so a shortfall to 1 from 6.5 is within what independently evolving traits produce	6.115	2.0	12.0	0.0
negative	coccus	yes	no	anaerobe	negative·coccus·yes·no·anaerobe	2	51.8846	35.05978325204214	0.014698530146985302	0.071992800719928	True	False	20.9014	49.494800247754114	0.49255074492550743		False	False	False	False	5.870967624771676	2.3869806426307947	0.13066693330666934	True	False	1.0561973835041012	1.0297271089757105		False	False	4.130256664082962	1.404833274187421	0.30213645302136455	True	False	0.7430343258292392	0.8789119655127919		False	False	False	neither		10.105	5.0	16.025000000000006	0.0
negative	coccus	yes	yes	aerobe	negative·coccus·yes·yes·aerobe	1	1.78	4.532135702447639	0.7422257774222578		False	False	1.4272	4.543629013955598	0.7914208579142086		False	False	False	False	9.005559587084823	2.8707308386147856	0.003928178610710357	True	True	2.1140132987374987	1.495622343072117		False	False	1.0653429406640247	0.9880718055619573		False	False	0.64624230641562	0.7668035888491546		False	False	True	permutation only	the tree makes this count far more variable (SD 4.5 vs 2.9 under the global shuffle), so a shortfall to 1 from 9.0 is within what independently evolving traits produce	1.42	1.0	3.0	0.0
negative	coccus	yes	yes	facultative	negative·coccus·yes·yes·facultative	0	0.6764	1.969027868536709	0.7352264773522648		False	False	0.5737	2.428406478702084	0.8008199180081992		False	False	False	False	2.0635653781306713	1.4124264491424496		False	False	1.2834152501902687	1.1083344272381404		False	False	0.5765772981572468	0.7316027756307837		False	False	0.04251016028968466	0.20996676646915194		False	False	False	neither		0.21	0.0	2.0	0.825
negative	coccus	yes	yes	anaerobe	negative·coccus·yes·yes·anaerobe	0	5.9213	9.011616238651253	0.18618138186181382		False	False	0.9747	5.109409996962291	0.7733226677332267		False	False	False	False	1.8532019172532728	1.3255082934927556		False	False	1.02346432544396	0.9861978975573675		False	False	0.7587878673862519	0.8251663164022506		False	False	0.21029408830550955	0.43851128386055443		False	False	False	neither		1.14	0.0	4.0	0.345
negative	other	no	no	aerobe	negative·other·no·no·aerobe	23	19.6523	23.173935959193084	0.6884311568843116		False	False	33.8437	51.38895360644414	0.6288371162883711		False	False	False	False	22.77996521339672	4.297142273169228	0.9000242832859571	True	False	19.55216069603632	3.3988418340526554	1.0	True	False	20.315158269081635	3.205360068164481	1.0	True	False	19.405948660915687	2.9079979756033487	0.9998000199980001	True	False	False	neither		52.595	37.0	73.025	0.0
negative	other	no	no	facultative	negative·other·no·no·facultative	4	7.5543	8.105629009038244	0.48685131486851313		False	False	13.5335	23.862418554118424	0.5353464653534646		False	False	False	False	5.2198807941709955	2.233957538347913	0.6481018564810186	True	False	3.7449518441182548	1.7403344885584606	1.0	True	False	3.3702866105736495	1.5084367539676324	1.0	True	False	3.18693298614243	1.55529047583792	0.9998000199980001	True	False	False	neither		13.05	7.9750000000000005	21.025000000000006	0.0
negative	other	no	no	anaerobe	negative·other·no·no·anaerobe	9	64.5763	33.513718015754804	0.04409559044095591	0.10582941705829418	True	False	21.5135	44.44658780679162	0.6595340465953404		False	False	False	False	4.687757023891427	2.1387059245056896	1.0	True	False	5.15582614384679	1.8878563904268344	1.0	True	False	6.50761782628803	1.5285705786802901	1.0	True	False	3.5076330776712004	1.1479776462711084	0.9998000199980001	True	False	False	neither		24.155	16.0	34.0	0.0
negative	other	no	yes	aerobe	negative·other·no·yes·aerobe	1	2.2087	4.3504984764620165	0.6673332666733327		False	False	1.4788	4.708180886152101	0.773022697730227		False	False	False	False	7.190616250429665	2.6211800858623224	0.0164983501649835	True	True	1.2240640876226723	1.029507621618926		False	False	0.3859913215319155	0.6133496954629337		False	False	0.4592808640207892	0.6289648626109338		False	False	True	permutation only	the tree makes this count far more variable (SD 4.4 vs 2.6 under the global shuffle), so a shortfall to 1 from 7.2 is within what independently evolving traits produce	1.54	1.0	3.0	0.0
negative	other	no	yes	facultative	negative·other·no·yes·facultative	0	0.8702	1.9513412652003024	0.6534346565343465		False	False	0.5766	1.9532828702975444	0.7803219678032197		False	False	False	False	1.647682922790335	1.2463885799565608		False	False	0.4197862550619021	0.6195818677506866		False	False	0.06317728839029119	0.2593696904384939		False	False	0.02473034390862341	0.1621238479405029		False	False	False	neither		0.36	0.0	2.0	0.735
negative	other	no	yes	anaerobe	negative·other·no·yes·anaerobe	1	7.3401	8.39006980406785	0.21587841215878412		False	False	0.8867	3.5792938192363413	0.8645135486451355		False	False	False	False	1.4797152461952034	1.2252143996715599		False	False	1.105193135019382	0.8842708677117754		False	False	0.5321192431034091	0.7065814734971161		False	False	0.3423445003700383	0.5466931833472523		False	False	False	neither		2.47	1.0	5.0	0.0
negative	other	yes	no	aerobe	negative·other·yes·no·aerobe	14	9.8467	12.106537735272838	0.7357264273572642		False	False	21.3782	34.03486744472744	0.6315368463153684		False	False	False	False	17.092701170974745	3.7997623737608306	0.48603760313623806	True	False	23.967581322668423	3.404783991241373	0.006119388061193881	True	True	22.990872301260104	3.2276676826053	0.019221154807596168	True	True	18.167787603829073	2.919643798471837	0.22971702829717028	True	False	True	permutation only	the tree makes this count far more variable (SD 12.1 vs 3.4 under the phylum shuffle), so a shortfall to 14 from 24.0 is within what independently evolving traits produce	41.5	28.0	59.0	0.0
negative	other	yes	no	facultative	negative·other·yes·no·facultative	8	3.7509	4.4810330455948995	0.8695130486951305		False	False	8.4614	15.591908824838978	0.7131286871312869		False	False	False	False	3.916681247186649	1.965639748226986	1.0	True	False	5.08243632109333	2.0112636800766404	1.0	True	False	4.862562029054569	1.9550731841999636	1.0	True	False	4.289561760816715	1.695069506042494	0.9998000199980001	True	False	False	neither		16.245	10.0	24.025000000000006	0.0
negative	other	yes	no	anaerobe	negative·other·yes·no·anaerobe	9	32.4049	18.414604686405248	0.12618738126187382	0.21632122502035514	True	False	13.7382	29.024956598943614	0.7285271472852715		False	False	False	False	3.5174079161627674	1.841384016860357	1.0	True	False	6.472815238073266	1.4518476782501675	1.0	True	False	6.5608924736266605	1.3698968240908913	0.4707612572076125	True	False	5.681758851129776	1.1414119153838687	0.510948905109489	True	False	False	neither		22.125	14.0	30.025000000000006	0.0
negative	other	yes	yes	aerobe	negative·other·yes·yes·aerobe	0	1.1282	2.614622034795658	0.6439356064393561		False	False	0.9335	3.371974906709209	0.712928707129287		False	False	False	False	5.395401338517781	2.266773672301833	0.0164983501649835	True	True	0.5991175725242972	0.7706651103794546		False	False	0.3878250699579683	0.6009578397546547		False	False	0.35559330771221676	0.5801372937846851		False	False	True	permutation only	expected 1.1 under independent evolution vs 5.4 under the global shuffle	0.85	0.0	3.0	0.415
negative	other	yes	yes	facultative	negative·other·yes·yes·facultative	0	0.4166	1.1224840475676299	0.7812218778122187		False	False	0.3606	1.3423665053865792	0.835916408359164		False	False	False	False	1.236321107602517	1.127698364723864		False	False	0.23600182259593264	0.46712857389832346		False	False	0.08975529664537021	0.292236977854638		False	False	0.029339538386244188	0.17234442636955705		False	False	False	neither		0.51	0.0	2.0	0.61
negative	other	yes	yes	anaerobe	negative·other·yes·yes·anaerobe	3	3.7174	4.84166101747553	0.6451354864513549		False	False	0.5693	2.473582295161493	0.9615038496150385		False	False	False	False	1.1102883733323574	1.077446725236506		False	False	0.15770434633696798	0.39384458454877197		False	False	0.4452555330082799	0.6422633814297324		False	False	0.36691360347245733	0.5847614667422119		False	False	False	neither		5.135	3.0	8.025000000000006	0.0
positive	rod	no	no	aerobe	positive·rod·no·no·aerobe	184	14.9968	52.91291493970859	0.9801019898010199		False	False	317.7916	315.1479160494944	0.48395160483951605	0.6821817818218179	True	False	False	False	299.57399631102635	12.672413850028459	0.00045828750458287503	True	True	244.54229161876432	7.731820582809856	0.0005666100056661001	True	True	235.74945813194716	7.592373348731829	0.0006124387561243876	True	True	188.51067690526574	5.592065056470481	0.06019398060193981	True	False	True	permutation only	the tree makes this count far more variable (SD 52.9 vs 7.7 under the phylum shuffle), so a shortfall to 184 from 244.5 is within what independently evolving traits produce	105.955	89.0	122.0	0.0
positive	rod	no	no	facultative	positive·rod·no·no·facultative	95	5.7301	18.292520756351237	0.9888011198880112		False	False	122.9272	136.73471738535875	0.5457454254574543	0.6821817818218179	True	False	False	False	68.64543185769902	7.289079594891965	1.0	True	False	46.00105909226865	5.254400095175485	1.0	True	False	44.28216506185644	5.243655591472444	1.0	True	False	92.97100460999081	3.8624218958382377	0.9998000199980001	True	False	False	neither		44.755	34.0	58.0	0.0
positive	rod	no	no	anaerobe	positive·rod·no·no·anaerobe	58	50.5114	126.88558415039182	0.8335166483351665		False	False	204.7653	293.274254230967	0.4831516848315168	0.6821817818218179	True	False	False	False	61.647596571234565	6.8238436508382545	0.5697086541345865	True	False	43.07494668574598	4.978689051581368	1.0	True	False	43.97908975485372	3.7038124768178604	1.0	True	False	47.2340531106169	3.650539442207072	0.9998000199980001	True	False	False	neither		54.225	44.975	64.0	0.0
positive	rod	no	yes	aerobe	positive·rod·no·yes·aerobe	149	1.8635	10.55618354572935	0.9987001299870013		False	False	13.4401	24.935219840796105	0.9933006699330067		False	False	False	False	94.56211306299097	8.721423198727798	1.0	True	False	140.0518298428689	8.066703515241004	1.0	True	False	146.63197418497558	7.822183904160999	1.0	True	False	141.55493098274383	5.169752234786936	0.9998000199980001	True	False	False	neither		95.81	83.975	109.0	0.0
positive	rod	no	yes	facultative	positive·rod·no·yes·facultative	16	0.7136	4.168706376237548	0.9894010598940106		False	False	5.1955	11.251077211709008	0.9279072092790721		False	False	False	False	21.6682928709412	4.481323340202078	0.24075370240753705	True	False	53.012890318001816	5.768165186158212	0.0005666100056661001	True	True	56.594214561150736	5.8703773869601195	0.0006124387561243876	True	True	22.47625261486496	3.827335103828578	0.22971702829717028	True	False	True	permutation only	expected 0.7 under independent evolution vs 53.0 under the phylum shuffle	25.91	20.0	33.0	0.0
positive	rod	no	yes	anaerobe	positive·rod·no·yes·anaerobe	27	5.744	20.01314359593896	0.9468053194680532		False	False	8.1999	19.39608106773351	0.9225077492250775		False	False	False	False	19.459389228757875	4.167638252572092	1.0	True	False	43.728382466306726	5.365293765358439	0.005463739340351679	True	True	34.93620971761251	3.9068861808113664	0.08884444888844449	True	False	25.460955213828218	2.9903911064415483	0.7424257574242575	True	False	True	permutation only	the tree makes this count far more variable (SD 20.0 vs 5.4 under the phylum shuffle), so a shortfall to 27 from 43.7 is within what independently evolving traits produce	39.97	31.975	51.0	0.0
positive	rod	yes	no	aerobe	positive·rod·yes·no·aerobe	34	7.5569	27.9837179666513	0.9464053594640536		False	False	199.4009	203.25786861842712	0.30686931306869314	0.6821817818218179	True	False	False	False	224.78211663500343	11.456241202123882	0.00045828750458287503	True	True	70.64892123097032	6.474350033337488	0.0005666100056661001	True	True	71.33439895634893	6.368659506674549	0.0006124387561243876	True	True	41.567300610017554	3.9676467660856756	0.043675632436756325	True	True	True	permutation only	the tree makes this count far more variable (SD 28.0 vs 4.0 under the order shuffle), so a shortfall to 34 from 41.6 is within what independently evolving traits produce	51.61	42.0	62.0	0.0
positive	rod	yes	no	facultative	positive·rod·yes·no·facultative	11	2.8668	9.578394036748644	0.9363063693630637		False	False	78.1237	89.77374522009809	0.2770722927707229		False	False	False	False	51.5073593179207	6.3919881692927305	0.00045828750458287503	True	True	35.571890029630225	5.170019395541481	0.0005666100056661001	True	True	36.99537328379473	5.049379750814343	0.0006124387561243876	True	True	9.607246469567931	2.5537299717049597	0.9998000199980001	True	False	True	permutation only	the tree makes this count far more variable (SD 9.6 vs 5.2 under the phylum shuffle), so a shortfall to 11 from 35.6 is within what independently evolving traits produce	20.455	14.0	28.0	0.0
positive	rod	yes	no	anaerobe	positive·rod·yes·no·anaerobe	9	25.3668	64.90586209930133	0.6795320467953204		False	False	129.4782	189.53852539792672	0.26607339266073393		False	False	False	False	46.256609096190914	6.161238364086334	0.00045828750458287503	True	True	29.178436416101384	4.676821150957021	0.0005666100056661001	True	True	20.535105613563633	3.347488885854687	0.0006124387561243876	True	True	15.22309223711223	2.7728267677844296	0.025197480251974803	True	True	True	permutation only	the tree makes this count far more variable (SD 64.9 vs 2.8 under the order shuffle), so a shortfall to 9 from 15.2 is within what independently evolving traits produce	26.67	19.0	33.025000000000006	0.0
positive	rod	yes	yes	aerobe	positive·rod·yes·yes·aerobe	223	0.9189	5.447503127033606	1.0		False	False	8.1926	15.93762548281871	0.9994000599940006		False	False	False	False	70.95366149773949	7.450467484182945	1.0	True	False	98.91673557175035	7.257498649212526	1.0	True	False	114.00155710483509	6.995211665355241	1.0	True	False	201.439649396495	4.823290558934636	0.9998000199980001	True	False	False	neither		40.705	27.975	56.05000000000001	0.0
positive	rod	yes	yes	facultative	positive·rod·yes·yes·facultative	65	0.3534	2.2961784955810742	0.9998000199980002		False	False	3.2372	8.232260514058071	0.9973002699730027		False	False	False	False	16.258569820394143	3.8162023924773907	1.0	True	False	62.067555423344416	5.895237116548423	1.0	True	False	72.32246760395704	6.0840325012065755	0.3071992800719928	True	False	63.47529715688937	3.8633214176648623	0.9998000199980001	True	False	False	neither		53.225	45.0	62.0	0.0
positive	rod	yes	yes	anaerobe	positive·rod·yes·yes·anaerobe	46	2.9583	10.877701666681824	0.9854014598540146		False	False	5.1655	12.508987058340624	0.9855014498550145		False	False	False	False	14.601142799868526	3.7296982551591555	1.0	True	False	50.85439098988962	5.461265760962033	0.4844515548445156	True	False	35.79611951751564	3.632506751907189	1.0	True	False	33.07432088376372	2.9189929787522626	0.9998000199980001	True	False	False	neither		30.14	19.0	41.0	0.0
positive	coccus	no	no	aerobe	positive·coccus·no·no·aerobe	84	1.8706	8.180730289821623	0.9982001799820018		False	False	74.2409	98.48252813583142	0.6814318568143186		False	False	False	False	30.673566604692372	4.93330178311048	1.0	True	False	53.714071809344034	4.788920847272445	1.0	True	False	53.462678514814606	4.795449631534469	1.0	True	False	66.55269298618639	4.150847355285848	0.9998000199980001	True	False	False	neither		42.325	31.975	55.05000000000001	0.0
positive	coccus	no	no	facultative	positive·coccus·no·no·facultative	53	0.7367	3.345906845574322	0.9993000699930007		False	False	29.1753	45.51206109022528	0.8335166483351665		False	False	False	False	7.028648187504592	2.5889370497414137	1.0	True	False	8.726368491346395	2.8043245386472297	1.0	True	False	8.649998459418189	2.687595828183214	1.0	True	False	49.72451070173992	3.07267060589417	0.9998000199980001	True	False	False	neither		23.395	16.0	32.0	0.0
positive	coccus	no	no	anaerobe	positive·coccus·no·no·anaerobe	13	6.0308	17.51901660922402	0.8966103389661034		False	False	49.3804	92.51479338213679	0.5292470752924707		False	False	False	False	6.312135508195872	2.3888220916369596	1.0	True	False	9.067356654978902	2.586607627667909	1.0	True	False	6.3505596850657335	1.8571872070852367	1.0	True	False	11.409041125493184	2.549721855569813	0.9998000199980001	True	False	False	neither		16.97	12.0	22.0	0.0
positive	coccus	no	yes	aerobe	positive·coccus·no·yes·aerobe	2	0.2452	1.8177478870123402	0.9786021397860214		False	False	3.1182	8.087556467621111	0.7095290470952905		False	False	False	False	9.682273191384281	2.9324285700864636	0.010265640102656402	True	True	26.20446137544697	4.526735403876442	0.0005666100056661001	True	True	28.182361777792188	4.675186379583369	0.0006124387561243876	True	True	8.400474614387711	2.3924999013352055	0.0251974802519748	True	True	True	permutation only	expected 0.2 under independent evolution vs 8.4 under the order shuffle	8.835	5.0	14.025000000000006	0.0
positive	coccus	no	yes	facultative	positive·coccus·no·yes·facultative	0	0.0954	0.85309531540241	0.963003699630037		False	False	1.2874	4.287008173995821	0.6422357764223577		False	False	False	False	2.218629897024652	1.527192164710799		False	False	8.661462771892555	2.7407030989763186	0.001274872512748725	True	True	9.60153166683684	2.8777972232993125	0.00097990200979902	True	True	1.6112110173048928	1.1414247347997162		False	False	True	permutation only	expected 0.1 under independent evolution vs 8.7 under the phylum shuffle	1.14	0.0	4.0	0.315
positive	coccus	no	yes	anaerobe	positive·coccus·no·yes·anaerobe	1	0.6794	3.6604856994061428	0.9146085391460854		False	False	1.9988	5.89038778238109	0.7479252074792521		False	False	False	False	1.992458888104663	1.4055538199479896		False	False	7.32710427502401	2.6500164704482128	0.010517698230176982	True	True	3.3396313837497145	1.6525602039301808	0.3071992800719928	True	False	1.2875186428658623	1.0070227392659468		False	False	True	permutation only	expected 0.7 under independent evolution vs 7.3 under the phylum shuffle	4.455	2.0	9.0	0.0
positive	coccus	yes	no	aerobe	positive·coccus·yes·no·aerobe	15	0.9152	4.309717662055867	0.9861013898610139		False	False	47.3999	65.44841426255469	0.43965603439656037		False	False	False	False	23.015579826858726	4.437238814189217	0.0964695197146952	True	False	12.027254715404895	3.2493467231219757	1.0	True	False	12.603838753711688	3.2073575683552424	1.0	True	False	9.158230345157197	2.5557826614378465	0.9998000199980001	True	False	False	neither		17.465	11.0	24.025000000000006	0.0
positive	coccus	yes	no	facultative	positive·coccus·yes·no·facultative	2	0.3771	1.741263561290768	0.9619038096190381		False	False	18.601	30.288240898964027	0.31656834316568344		False	False	False	False	5.273870349647272	2.273583865133602	0.2081330328505611	True	False	5.590981972941877	2.25708594618908	0.20346965303469652	True	False	6.0951620565203966	2.3846077616850807	0.1351688360575707	True	False	2.9603308944647284	1.5192527980992034		False	False	False	neither		7.105	3.0	12.0	0.0
positive	coccus	yes	no	anaerobe	positive·coccus·yes·no·anaerobe	0	2.998	9.188636411563804	0.6025397460253975		False	False	31.0598	59.90302380670141	0.20227977202279773		False	False	False	False	4.736242789731773	2.0631122645430775	0.020897910208979104	True	True	4.58980882192111	2.0679270202501256	0.025797420257974202	True	True	1.755717289307688	1.2777352243919027		False	False	1.7888322065120066	1.2299009424193874		False	False	True	permutation only	the tree makes this count far more variable (SD 9.2 vs 2.1 under the phylum shuffle), so a shortfall to 0 from 4.6 is within what independently evolving traits produce	3.51	0.0	9.0	0.045
positive	coccus	yes	yes	aerobe	positive·coccus·yes·yes·aerobe	1	0.116	0.9729535774467459	0.9817018298170183		False	False	1.9152	5.083757804945678	0.7165283471652835		False	False	False	False	7.26498924672389	2.6307526355997064	0.0164983501649835	True	True	15.679505091067204	3.625443824066378	0.0005666100056661001	True	True	18.942322518838974	3.6505831217168843	0.0006124387561243876	True	True	7.352446344423494	1.8448842237114509	0.016798320167983202	True	True	True	permutation only	expected 0.1 under independent evolution vs 7.4 under the order shuffle	4.965	2.0	9.0	0.0
positive	coccus	yes	yes	facultative	positive·coccus·yes·yes·facultative	0	0.0468	0.44184757884169307	0.9769023097690231		False	False	0.7843	2.573487088287103	0.7222277772222778		False	False	False	False	1.664725010928945	1.2910419802227073		False	False	9.607098859264287	2.8508127466844133	0.0005666100056661001	True	True	11.77999601911037	3.003843460929505	0.0006124387561243876	True	True	1.0757379144611205	0.9595396595133977		False	False	True	permutation only	expected 0.0 under independent evolution vs 9.6 under the phylum shuffle	0.75	0.0	3.0	0.48
positive	coccus	yes	yes	anaerobe	positive·coccus·yes·yes·anaerobe	0	0.3361	1.9450745799354339	0.8961103889611038		False	False	1.2665	4.431099323432005	0.6838316168383162		False	False	False	False	1.495020034086674	1.2098214057938368		False	False	7.872834260722662	2.633136998947774	0.00101989801019898	True	True	2.5895816449442903	1.4640586511021028		False	False	0.9020181142224131	0.8526671511412544		False	False	True	permutation only	expected 0.3 under independent evolution vs 7.9 under the phylum shuffle	3.405	1.0	8.0	0.02
positive	other	no	no	aerobe	positive·other·no·no·aerobe	16	1.1473	4.447671400642203	0.9826017398260174		False	False	49.011	58.68404264095976	0.42315768423157685		False	False	False	False	18.377114794000715	3.884557715406247	0.5697086541345865	True	False	29.936931314468648	3.6045132830943794	0.0005666100056661001	True	True	27.04371904359502	3.363884303718614	0.00097990200979902	True	True	20.254541260140858	2.761976105255614	0.20682931706829316	True	False	True	permutation only	expected 1.1 under independent evolution vs 29.9 under the phylum shuffle	51.64	32.975	72.025	0.0
positive	other	no	no	facultative	positive·other·no·no·facultative	9	0.445	1.7072980075689728	0.9905009499050095		False	False	19.0552	26.787107120231934	0.48995100489951005		False	False	False	False	4.210996270927861	2.052214606808017	1.0	True	False	3.629655444364263	1.7873366460024016	1.0	True	False	2.9759543879760426	1.6040980535125071		False	False	5.766664229725517	1.5670346354737619	0.9998000199980001	True	False	False	neither		23.695	14.975000000000001	33.025000000000006	0.0
positive	other	no	no	anaerobe	positive·other·no·no·anaerobe	4	3.8051	10.097619035247803	0.8328167183281672		False	False	31.6445	52.373667236999545	0.39576042395760425		False	False	False	False	3.7817199520468647	1.893088915719874	1.0	True	False	4.064851154799527	1.8508638114200093	1.0	True	False	4.142114323940067	1.447727774083909	1.0	True	False	4.21048486651214	1.4284184224500938	0.9998000199980001	True	False	False	neither		15.545	8.0	24.0	0.0
positive	other	no	yes	aerobe	positive·other·no·yes·aerobe	24	0.1348	0.9398496112300142	0.9997000299970003		False	False	2.0606	4.736768026527431	0.9911008899110089		False	False	False	False	5.800833277657542	2.332055582875508	1.0	True	False	11.795851040319409	2.911943630610676	1.0	True	False	14.123617149857937	2.8198076898440867	1.0	True	False	22.863206328300482	2.059636084457663	0.9998000199980001	True	False	False	neither		23.485	16.0	32.0	0.0
positive	other	no	yes	facultative	positive·other·no·yes·facultative	2	0.0454	0.38904238252093865	0.9955004499550045		False	False	0.8109	2.65760182772891	0.9168083191680831		False	False	False	False	1.3292231982174125	1.1726920325906585		False	False	2.144129852442189	1.4419179288908246		False	False	2.435717864386909	1.2779531807410196		False	False	1.5605204280316285	0.9132342242679004		False	False	False	neither		3.48	2.0	7.0	0.0
positive	other	no	yes	anaerobe	positive·other·no·yes·anaerobe	2	0.438	1.9560006630520126	0.9538046195380462		False	False	1.3067	4.284585263136708	0.8628137186281372		False	False	False	False	1.1937198624768024	1.0772362642356912		False	False	2.2518940929557103	1.3915847096033809		False	False	2.0278613029653574	1.2585956584684885		False	False	1.514950358743484	1.0992096619573923		False	False	False	neither		7.45	3.0	13.0	0.0
positive	other	yes	no	aerobe	positive·other·yes·no·aerobe	2	0.5895	2.5128512077160328	0.9402059794020597		False	False	30.8279	38.152982145497475	0.24517548245175483		False	False	False	False	13.789069852214917	3.4372061609825746	0.00045828750458287503	True	True	3.874672261061829	1.841247633107303	0.5301344865513449	True	False	3.205023198931973	1.724173464900941	0.7016098390160984	True	False	1.9702290804324967	1.3072128375675407		False	False	True	permutation only	expected 0.6 under independent evolution vs 13.8 under the global shuffle	11.1	4.0	20.0	0.0
positive	other	yes	no	facultative	positive·other·yes·no·facultative	0	0.2253	1.028224505914677	0.9047095290470953		False	False	12.0268	17.70878996103889	0.20237976202379762		False	False	False	False	3.159675627982506	1.7673113604349306	0.0964695197146952	True	False	1.0254598493502503	0.9907016427121015		False	False	0.7049756266920839	0.7967717192435345		False	False	0.4074286365666958	0.6226456406310905		False	False	False	neither		4.415	0.0	10.0	0.05
positive	other	yes	no	anaerobe	positive·other·yes·no·anaerobe	2	1.8893	5.187324584372626	0.8367163283671633		False	False	20.2124	34.83820397617621	0.39036096390360964		False	False	False	False	2.837572772702736	1.70388573951031		False	False	0.8455530103972827	0.909206840350022		False	False	1.1187637642693962	0.989685550437297		False	False	1.2094415520159016	1.016487271532024		False	False	False	neither		5.485	2.0	10.0	0.0
positive	other	yes	yes	aerobe	positive·other·yes·yes·aerobe	2	0.0679	0.5267991474311547	0.9923007699230078		False	False	1.2331	3.13868595513358	0.8589141085891411		False	False	False	False	4.352592676451318	2.0096783706794543	0.36080320539374633	True	False	3.0291826635590846	1.6675281332072194	0.7246551206948271	True	False	2.3103083110974034	1.393388142355743		False	False	1.6091645724146186	0.8437557181174822		False	False	False	neither		8.665	3.0	14.025000000000006	0.0
positive	other	yes	yes	facultative	positive·other·yes·yes·facultative	0	0.0259	0.25027076046822483	0.9827017298270173		False	False	0.5076	2.117496309102238	0.7765223477652234		False	False	False	False	0.9973682884860638	0.9872928256407917		False	False	1.4740409834697819	1.1607762276706768		False	False	1.0017174761731324	0.898042866735911		False	False	0.17223868428637887	0.37485231375645495		False	False	False	neither		2.125	0.0	6.0	0.125
positive	other	yes	yes	anaerobe	positive·other·yes·yes·anaerobe	1	0.223	1.064793115322415	0.9581041895810419		False	False	0.8052	2.86933376720556	0.8622137786221378		False	False	False	False	0.8956948221840866	0.9356449464048148		False	False	1.2101395478144832	1.0731107973511889		False	False	1.3987142875927956	1.0440958136272847		False	False	1.643304904454539	1.059449015341491		False	False	False	neither		10.05	4.0	17.0	0.0
