expected_count_bin	cells	median_P_null_empty	poisson_exp_minus_E
[0, 1)	24	0.8875112488751125	0.6940718522083347
[1, 2)	7	0.6479352064793521	0.1686381472685955
[2, 3)	4	0.6202879712028797	0.054393869003005
[3, 5)	4	0.36081391860813916	0.023896823775252887
[5, 7)	6	0.3727627237276272	0.002941823285415134
[7, 10)	4	0.15678432156784322	0.000523172586514173
[10, 15)	5	0.1496850314968503	5.047588265189899e-06
[15, 25)	2	0.13233676632336766	6.127183680399876e-08
[25, 50)	6	0.045795420457954206	1.1657515605094751e-14
>= 50	10	0.0013998600139986002	9.966338482844425e-45
