trait	model	npar	loglik	aic	delta_aic	ml_rates_or_params	at_bound	posterior_median	posterior_95	mcmc_acceptance	mcmc_min_ess	mcmc_max_rhat
oxygen	ER	1	-1183.0960284506566	2368.192056901313	381.04984864910875	0.895	False					
oxygen	SYM	3	-1091.8131459044437	2189.6262918088873	202.4840835566829	2.11, 0.151, 0.776	False					
oxygen	ARD	6	-1059.6002025189573	2131.2004050379146	144.05819678571015	1.95, 0.0993, 4.63, 2.11, 0.0246, 0.2	False	1.94, 0.104, 4.6, 2, 0.0571, 0.199	[1.7,2.3]; [0.039,0.2]; [3.4,6.6]; [1.4,2.7]; [0.0083,0.22]; [0.038,0.54]	0.27158333333333334	882.6555598740516	1.0071247494437585
oxygen	ORD	2	-1107.086716835349	2218.173433670698	231.0312254184937	2.32, 1.16	False					
oxygen	HRM	9	-984.5711041261022	1987.1422082522045	0.0	0.103, 0.00234, 0.26, 0.024, 4.54e-05, 0.0171, 148, 1.73, 4.27	True	0.365, 0.0129, 0.927, 0.114, 0.0158, 0.0771, 32, 1.11, 3.63	[0.18,0.61]; [0.003,0.036]; [0.51,1.6]; [0.041,0.26]; [0.0015,0.069]; [0.023,0.21]; [15,73]; [0.55,2.1]; [2.3,6]	0.21931250000000002	1009.3809793427104	1.0061660899115599
shape	ER	1	-1027.8669220375407	2057.7338440750814	215.03077141969243	0.806	False					
shape	SYM	3	-1014.6522182799072	2035.3044365598143	192.6013639044254	0.729, 0.745, 3.31	False					
shape	ARD	6	-947.2094369506958	1906.4188739013916	63.715801246002684	0.509, 1.27, 2.13, 5.15, 20.6, 5.02	False	0.521, 1.24, 1.8, 5.22, 20.9, 4.05	[0.3,0.81]; [0.84,1.8]; [0.1,4.1]; [2.6,8.1]; [13,31]; [0.62,10]	0.23741666666666666	464.05359409721643	1.021945295797941
shape	HRM	9	-912.3515363276945	1842.703072655389	0.0	0.0264, 0.0847, 0.0184, 0.109, 0.619, 0.06, 93.6, 2.11, 2.72	False	0.106, 0.257, 0.148, 0.542, 1.9, 0.465, 23.8, 1.51, 1.98	[0.029,0.29]; [0.1,0.46]; [0.012,2.6]; [0.16,2]; [0.41,4.5]; [0.018,2.9]; [10,85]; [0.71,2.5]; [0.7,4.8]	0.24794583333333334	445.8165688221211	1.0680586250843187
motility	ER	1	-1328.6248393524047	2659.2496787048094	274.4264099494635	4.19	False					
motility	ARD	2	-1298.4341706898447	2600.8683413796894	216.04507262434345	2.85, 5.7	False	2.81, 5.64	[2.4,3.3]; [4.9,6.4]	0.24908333333333332	2991.584024263141	1.001787003298614
motility	HRM	5	-1187.411634377673	2384.823268755346	0.0	0.761, 1.32, 148, 2.46, 5.28	True	0.84, 1.33, 130, 2.14, 4.3	[0.54,1.2]; [0.69,2]; [85,1.5e+02]; [1.2,3.1]; [2.3,7.5]	0.2448125	1812.8541787992312	1.0015334780611558
spore	ER	1	-507.8809873833852	1017.7619747667704	151.65998781612632	0.725	False					
spore	ARD	2	-451.8680081196375	907.736016239275	41.63402928863093	0.314, 2.78	False	0.309, 2.75	[0.22,0.43]; [2.3,3.4]	0.23329166666666667	2928.671653301397	1.0014886078145495
spore	HRM	5	-428.05099347532206	866.1019869506441	0.0	0.00434, 0.121, 148, 4.05, 2.33	True	0.0319, 0.924, 23.6, 2.6, 1.66	[0.0081,0.1]; [0.23,1.9]; [9.2,86]; [1.3,4.4]; [0.2,7]	0.22737500000000002	1868.1191313598054	1.003344867145237
gram	ER	1	-374.52492012628363	751.0498402525673	158.87862296091964	0.496	False					
gram	ARD	2	-336.71360614181197	677.4272122836239	85.25599499197631	0.0551, 1.03	False	0.0578, 1.03	[0.018,0.12]; [0.84,1.3]	0.26245833333333335	3260.6373663846052	1.0005342941840425
gram	HRM	5	-291.0856086458238	592.1712172916476	0.0	0.115, 0.0614, 148, 0.104, 2.52	True	0.113, 0.0708, 117, 0.12, 1.92	[0.017,0.2]; [0.041,0.13]; [24,1.5e+02]; [0.027,0.39]; [0.74,3.6]	0.2636041666666667	702.4630366790341	1.0135802813733232
