trait	state	observed	sim_mean	sim_2.5	sim_97.5	obs_percentile
gram	0	1428	2434.6558	1210.7500000000002	2578.0	0.0351
gram	1	1152	145.3442	2.0	1369.2499999999964	0.9649
shape	0	2217	2156.1068	1902.975	2317.0	0.6838
shape	1	227	261.3448	131.97500000000002	478.0	0.4093
shape	2	136	162.5484	107.0	236.0	0.2177
motility	0	1474	1718.3819	1470.975	1940.0	0.0264
motility	1	1106	861.6181	640.0	1109.0249999999996	0.9742
spore	0	1961	2319.9133	1804.975	2520.0	0.0577
spore	1	619	260.0867	60.0	775.0249999999996	0.9427
oxygen	0	1798	559.3875	14.0	1798.0249999999996	0.975
oxygen	1	412	214.9083	13.0	620.0	0.8212
oxygen	2	370	1805.7042	282.975	2545.0	0.0477
