gram	shape	motility	spore	oxygen	temperature	observed	expected	p_low	q_low	q_low_seed2	testable	empty_beyond_chance	empty_beyond_chance_seed2	emptier_than_chance	strain-level: observed	strain-level: expected	strain-level: q_low	strain-level: empty_beyond_chance	strain-level: testable	optimum-only: observed	optimum-only: expected	optimum-only: q_low	optimum-only: empty_beyond_chance	optimum-only: testable	genus-level: observed	genus-level: expected	genus-level: q_low	genus-level: empty_beyond_chance	genus-level: testable
negative	rod	no	no	aerobe	psychro	8	3.4543900737414868	0.9956004399560044	1.0	1.0	True	False	False	False	8	3.388826224435536	1.0	False	True	4	2.537896238856322		False	False	0	0.7491315880100015		False	False
negative	rod	no	no	aerobe	meso	487	346.73440365180176	1.0	1.0	1.0	True	False	False	False	494	346.6486825412183	1.0	False	True	445	319.299070551111	1.0	False	True	194	138.7141990465186	1.0	False	True
negative	rod	no	no	aerobe	thermo	8	21.15813920166661	0.00029997000299970003	0.0013798620137986202	0.0018398160183981601	True	False	False	True	8	21.32136499540691	0.0026622337766223376	False	True	7	22.0479735750643	0.0009229846246144618	False	True	6	14.73292123086336	0.023597640235976405	False	True
negative	rod	no	no	facultative	psychro	0	0.7915510068862582	0.44185581441855815			False	False	False	False	0	0.7837471257169117		False	False	0	0.44199316519407855		False	False	0	0.1697031507256699		False	False
negative	rod	no	no	facultative	meso	40	79.45193231620817	9.999000099990002e-05	0.0004928078620709357	0.0005307161591533154	True	False	False	True	40	80.17079973479244	0.000591607505916075	False	True	34	55.608265095980016	0.0012855857271415715	False	True	25	31.423366742703212	0.26995700429957004	False	True
negative	rod	no	no	facultative	thermo	1	4.848249917178332	0.04229577042295771	0.10063476410979592	0.09730406269717856	True	False	False	False	1	4.931075665968903	0.10183809205286368	False	True	1	3.8398156226235582	0.20633650920622224	False	True	1	3.3374952976048413	0.30992972131358293	False	True
negative	rod	no	no	anaerobe	psychro	0	0.7108589139512513	0.4894510548945106			False	False	False	False	0	0.7003697719172403		False	False	0	0.4546668043394285		False	False	0	0.23908454936489407		False	False
negative	rod	no	no	anaerobe	meso	83	71.35246348785685	0.9497050294970503	1.0	1.0	True	False	False	False	84	71.6419912523677	1.0	False	True	61	57.20276732095436	1.0	False	True	35	44.27048905739955	0.1767013774812995	False	True
negative	rod	no	no	anaerobe	thermo	11	4.354010847951415	0.9985001499850015	1.0	1.0	True	False	False	False	12	4.406493148312636	1.0	False	True	10	3.949917862698786	1.0	False	True	9	4.701996137509584	1.0	False	True
negative	rod	no	yes	aerobe	psychro	0	1.0903964587689854	0.3233676632336766			False	False	False	False	0	1.1034182162224577		False	False	0	0.7806556585143091		False	False	0	0.24036307636684537		False	False
negative	rod	no	yes	aerobe	meso	6	109.4485445489369	9.999000099990002e-05	0.0004928078620709357	0.0005307161591533154	True	False	False	True	6	112.87048836775557	0.000591607505916075	False	True	6	98.21624003683151	0.0005454000054540001	False	True	1	44.5072296405942	0.0008427728655705859	False	True
negative	rod	no	yes	aerobe	thermo	1	6.678678309960036	0.007499250074992501	0.02464039310354679	0.028497150284971507	True	False	False	True	1	6.942339610399629	0.02191519978436939	False	True	1	6.78194603334306	0.023397660233976603	False	True	1	4.7271405018812915	0.1353914608539146	False	True
negative	rod	no	yes	facultative	psychro	0	0.24985725306608564	0.7775222477752225			False	False	False	False	0	0.25519185645822834		False	False	0	0.13595688434799766		False	False	0	0.05445020878898499		False	False
negative	rod	no	yes	facultative	meso	2	25.079421776508347	9.999000099990002e-05	0.0004928078620709357	0.0005307161591533154	True	False	False	True	2	26.104000316872938	0.000591607505916075	False	True	1	17.105075512032453	0.0005454000054540001	False	True	0	10.082363660760386	0.0008427728655705859	True	True
negative	rod	no	yes	facultative	thermo	1	1.5303756750297748	0.5475452454754525			False	False	False	False	1	1.6055820968830197		False	False	1	1.1811254327732297		False	False	1	1.0708541061833714		False	False
negative	rod	no	yes	anaerobe	psychro	0	0.22438636804478562	0.797920207979202			False	False	False	False	0	0.2280437866222466		False	False	0	0.13985528963396174		False	False	0	0.0767116201170783		False	False
negative	rod	no	yes	anaerobe	meso	2	22.522781692495357	9.999000099990002e-05	0.0004928078620709357	0.0005307161591533154	True	False	False	True	2	23.32697900656731	0.000591607505916075	False	True	2	17.59554362707281	0.0005454000054540001	False	True	2	14.204434991678998	0.0008427728655705859	False	True
negative	rod	no	yes	anaerobe	thermo	2	1.3743665042743118	0.8345165483451655			False	False	False	False	2	1.4347754908316348		False	False	2	1.2149928286950427		False	False	1	1.5086618623025398		False	False
negative	rod	yes	no	aerobe	psychro	11	2.5919643294152532	1.0			False	False	False	False	11	2.556879559597458		False	False	8	1.964688905039346		False	False	3	0.6442080372796849		False	False
negative	rod	yes	no	aerobe	meso	445	260.16841956505607	1.0	1.0	1.0	True	False	False	False	447	261.5474716171567	1.0	False	True	392	247.18242286526274	1.0	False	True	208	119.28585490295501	1.0	False	True
negative	rod	yes	no	aerobe	thermo	8	15.875781517668427	0.016698330166983303	0.04267351042673511	0.046506460465064604	True	False	False	True	8	16.087033895800673	0.045384747239561755	False	True	8	17.068234862529323	0.021787294954715056	False	True	8	12.669424733167139	0.24457970869579707	False	True
negative	rod	yes	no	facultative	psychro	4	0.5939317595767989	1.0			False	False	False	False	4	0.5913395591633269		False	False	4	0.3421649216641558		False	False	2	0.1459344865427071		False	False
negative	rod	yes	no	facultative	meso	84	59.61590036752119	0.9999000099990001	1.0	1.0	True	False	False	False	87	60.489109072748654	1.0	False	True	60	43.0486242068716	1.0	False	True	47	27.0222024248246	1.0	False	True
negative	rod	yes	no	facultative	thermo	5	3.6378320274078937	0.8417158284171583	1.0	1.0	True	False	False	False	5	3.720511393069265	1.0	False	True	5	2.972557756957354		False	False	5	2.8700449020065726		False	False
negative	rod	yes	no	anaerobe	psychro	0	0.5333853180665427	0.5926407359264073			False	False	False	False	0	0.5284310954225474		False	False	0	0.3519761022136656		False	False	0	0.2055983097701122		False	False
negative	rod	yes	no	anaerobe	meso	33	53.53855130092923	0.0006999300069993001	0.0030184481551844815	0.003880861913808619	True	False	False	True	33	54.054097469264754	0.0029232370880559006	False	True	32	44.282993359756816	0.053994600539946	False	True	24	38.06995369243244	0.022811052228110522	False	True
negative	rod	yes	no	anaerobe	thermo	20	3.2669850731575742	1.0	1.0	1.0	True	False	False	False	20	3.3247123087001946	1.0	False	True	20	3.0577923879812205	1.0	False	True	18	4.043433425478874	1.0	False	True
negative	rod	yes	yes	aerobe	psychro	0	0.818167220758818	0.43185681431856815			False	False	False	False	0	0.8325323566028014		False	False	0	0.6043373592099316		False	False	0	0.20669776597209139		False	False
negative	rod	yes	yes	aerobe	meso	12	82.12353478366634	9.999000099990002e-05	0.0004928078620709357	0.0005307161591533154	True	False	False	True	12	85.16112231082825	0.000591607505916075	False	True	10	76.03319400559953	0.0005454000054540001	False	True	4	38.27353633249892	0.0008427728655705859	False	True
negative	rod	yes	yes	aerobe	thermo	2	5.0112742271477595	0.11988801119888011	0.24330214037419787	0.2524335801713946	True	False	False	False	2	5.238016076959292	0.21318153898895822	False	True	0	5.250180808136282	0.016123387661233876	True	True	2	4.0650560641177975	0.4059531546845315	False	True
negative	rod	yes	yes	facultative	psychro	0	0.18747769463438987	0.8277172282771723			False	False	False	False	0	0.1925430217840268		False	False	0	0.10524976480622403		False	False	0	0.04682389942546752		False	False
negative	rod	yes	yes	facultative	meso	7	18.818073598926883	0.0011998800119988001	0.0048701012251716	0.0048701012251716	True	False	False	True	7	19.69554660332441	0.0023664300236643	False	True	7	13.241736034683063	0.09935006499350064	False	True	2	8.670225376949068	0.022811052228110522	False	True
negative	rod	yes	yes	facultative	thermo	0	1.1483008796356382	0.31366863313668636			False	False	False	False	0	1.2114165120578353		False	False	0	0.9143573317540714		False	False	0	0.9208700220341944		False	False
negative	rod	yes	yes	anaerobe	psychro	0	0.16836589081243752	0.8443155684431557			False	False	False	False	0	0.17205972159423671		False	False	0	0.1082676792092699		False	False	0	0.06596737211875257		False	False
negative	rod	yes	yes	anaerobe	meso	13	16.899726290298414	0.19808019198080193	0.379653701296537	0.37160450621604507	True	False	False	False	13	17.600275688077133	0.2962514559354875	False	True	11	13.621427390516269	0.4914365706286514	False	True	10	12.21495840398902	0.5306097961632409	False	True
negative	rod	yes	yes	anaerobe	thermo	4	1.0312410812261796	0.9959004099590041			False	False	False	False	4	1.082542415030406		False	False	4	0.9405754631305323		False	False	4	1.2973583183354673		False	False
negative	coccus	no	no	aerobe	psychro	0	0.35369713429829386	0.6987301269873013			False	False	False	False	0	0.34457561079583254		False	False	0	0.23564244693756672		False	False	0	0.08387959865749052		False	False
negative	coccus	no	no	aerobe	meso	27	35.50234985519124	0.06369363063693631	0.1464953504649535	0.1582241775822418	True	False	False	False	28	35.24721352099037	0.21318153898895822	False	True	24	29.646765355332615	0.27771416406746424	False	True	13	15.531705684745326	0.5085638494974032	False	True
negative	coccus	no	no	aerobe	thermo	1	2.1663949475770496	0.35366463353664634			False	False	False	False	1	2.167954884590446		False	False	1	2.0471437577701113		False	False	1	1.6496321069306465		False	False
negative	coccus	no	no	facultative	psychro	0	0.08104739673576032	0.9228077192280771			False	False	False	False	0	0.07969135230543312		False	False	0	0.041038853118340275		False	False	0	0.01900151108511362		False	False
negative	coccus	no	no	facultative	meso	2	8.13513244735194	0.012398760123987601	0.03422057794220578	0.03392160783921608	True	False	False	True	2	8.151761246243261	0.03436056394360564	False	True	2	5.1632007079511855	0.21390964351840677	False	True	1	3.5184464692602053	0.2779277627792776	False	True
negative	coccus	no	no	facultative	thermo	0	0.49641530500653197	0.6119388061193881			False	False	False	False	0	0.5013914249216833		False	False	0	0.3565250364655812		False	False	0	0.3736963846739012		False	False
negative	coccus	no	no	anaerobe	psychro	0	0.0727852834762896	0.9281071892810719			False	False	False	False	0	0.0712135488686849		False	False	0	0.04221559442639304		False	False	0	0.026770084677922502		False	False
negative	coccus	no	no	anaerobe	meso	15	7.305822828932569	0.9977002299770023	1.0	1.0	True	False	False	False	15	7.284552603025894	1.0	False	True	9	5.311249473770575	1.0	False	True	8	4.956927346195317	1.0	False	True
negative	coccus	no	no	anaerobe	thermo	0	0.44580986129227385	0.632936706329367			False	False	False	False	0	0.44805191163214253		False	False	0	0.3667479765792896		False	False	0	0.5264783319991425		False	False
negative	coccus	no	yes	aerobe	psychro	0	0.11164636722623349	0.899010098990101			False	False	False	False	0	0.11219548617646563		False	False	0	0.072483502978383		False	False	0	0.026913240210959522		False	False
negative	coccus	no	yes	aerobe	meso	0	11.206504110333187	9.999000099990002e-05	0.0004928078620709357	0.0005307161591533154	True	True	True	True	0	11.47666327346763	0.000591607505916075	True	True	0	9.119330718467813	0.0005454000054540001	True	True	0	4.983434979062671	0.022811052228110522	True	True
negative	coccus	no	yes	aerobe	thermo	0	0.6838339992606801	0.5043495650434956			False	False	False	False	0	0.7058966005269295		False	False	0	0.6297004321247024		False	False	0	0.5292937241488705		False	False
negative	coccus	no	yes	facultative	psychro	0	0.025583038541272637	0.9748025197480252			False	False	False	False	0	0.02594788991396663		False	False	0	0.012623531417583555		False	False	0	0.006096741524635385		False	False
negative	coccus	no	yes	facultative	meso	0	2.567897493580241	0.0785921407859214			False	False	False	False	0	2.6542529057828363		False	False	0	1.5881980464747312		False	False	0	1.1289133056449854		False	False
negative	coccus	no	yes	facultative	thermo	0	0.1566961110652949	0.8604139586041396			False	False	False	False	0	0.16325547404204005		False	False	0	0.10966692919025715		False	False	0	0.11990258331782923		False	False
negative	coccus	no	yes	anaerobe	psychro	0	0.02297505888415261	0.9764023597640236			False	False	False	False	0	0.023187476093331882		False	False	0	0.01298549647615226		False	False	0	0.008589331982221123		False	False
negative	coccus	no	yes	anaerobe	meso	0	2.3061215354968176	0.10118988101189881			False	False	False	False	0	2.371885575380407		False	False	0	1.6337377754059064		False	False	0	1.590457972041278		False	False
negative	coccus	no	yes	anaerobe	thermo	0	0.14072223566543474	0.8675132486751325			False	False	False	False	0	0.1458878704205464		False	False	0	0.11281150063657278		False	False	0	0.16892352898368207		False	False
negative	coccus	yes	no	aerobe	psychro	0	0.26539282939885545	0.7637236276372362			False	False	False	False	0	0.25998333276189894		False	False	0	0.1824204212790001		False	False	0	0.07213140185757093		False	False
negative	coccus	yes	no	aerobe	meso	7	26.638805250910114	9.999000099990002e-05	0.0004928078620709357	0.0005307161591533154	True	False	False	True	7	26.594128413769248	0.000591607505916075	False	True	7	22.950769252164203	0.0009229846246144618	False	True	5	13.356331243960216	0.022811052228110522	False	True
negative	coccus	yes	no	aerobe	thermo	0	1.6255310800679896	0.19458054194580543			False	False	False	False	0	1.6357284686269475		False	False	0	1.5847774098613134		False	False	0	1.4185842365322283		False	False
negative	coccus	yes	no	facultative	psychro	0	0.06081303988449857	0.9377062293770623			False	False	False	False	0	0.060127364547995214		False	False	0	0.0317698486497135		False	False	0	0.01634015486385524		False	False
negative	coccus	yes	no	facultative	meso	1	6.104108878406544	0.015598440155984402	0.0413958604139586	0.03529262458369548	True	False	False	True	1	6.150528331888677	0.034677301500619165	False	True	1	3.99704408324208	0.19598040195980404	False	True	1	3.025652008957195	0.37071131596517765	False	True
negative	coccus	yes	no	facultative	thermo	0	0.3724798692925538	0.6883311668833116			False	False	False	False	0	0.3783013352811365		False	False	0	0.27600056014438606		False	False	0	0.32135637898915304		False	False
negative	coccus	yes	no	anaerobe	psychro	0	0.05461365232345746	0.9475052494750525			False	False	False	False	0	0.053730836404591475		False	False	0	0.03268081205185582		False	False	0	0.02302066016730987		False	False
negative	coccus	yes	no	anaerobe	meso	2	5.481845351967042	0.08499150084991501	0.18326292370762925	0.1849877512248775	True	False	False	False	2	5.496216807219669	0.18968415658434157	False	True	2	4.111654666274111	0.39183581641835813	False	True	1	4.262658907646878	0.17826478221743042	False	True
negative	coccus	yes	no	anaerobe	thermo	0	0.33450862048117697	0.7179282071792821			False	False	False	False	0	0.33805651237888795		False	False	0	0.2839145547004975		False	False	0	0.4527396499570941		False	False
negative	coccus	yes	yes	aerobe	psychro	0	0.08377264732171928	0.922107789221078			False	False	False	False	0	0.0846518311311425		False	False	0	0.056112433565916796		False	False	0	0.023143765301894412		False	False
negative	coccus	yes	yes	aerobe	meso	1	8.408679474917573	0.0016998300169983002	0.006516015065160151	0.006132720061327201	True	False	False	True	1	8.659176892789786	0.004338455043384551	False	True	1	7.059645548011908	0.021787294954715056	False	True	1	4.285453875067449	0.17826478221743042	False	True
negative	coccus	yes	yes	aerobe	thermo	0	0.5131074648455306	0.601939806019398			False	False	False	False	0	0.5326011042001049		False	False	0	0.4874767666039022		False	False	0	0.4551607176039234		False	False
negative	coccus	yes	yes	facultative	psychro	0	0.019195957005866713	0.9826017398260174			False	False	False	False	0	0.01957776083568796		False	False	0	0.009772390115412475		False	False	0	0.0052428304376006115		False	False
negative	coccus	yes	yes	facultative	meso	0	1.9267941844638712	0.141985801419858			False	False	False	False	0	2.002641785483914		False	False	0	1.229488831395332		False	False	0	0.9707974360290466		False	False
negative	coccus	yes	yes	facultative	thermo	0	0.11757523666093361	0.8882111788821118			False	False	False	False	0	0.12317674525787009		False	False	0	0.08489763912764589		False	False	0	0.10310899860614536		False	False
negative	coccus	yes	yes	anaerobe	psychro	0	0.017239087602356026	0.9842015798420158			False	False	False	False	0	0.017495020321253073		False	False	0	0.010052602018363372		False	False	0	0.007386308075072684		False	False
negative	coccus	yes	yes	anaerobe	meso	0	1.730373418086486	0.17498250174982502			False	False	False	False	0	1.7895947870281788		False	False	0	1.2647429914353419		False	False	0	1.367698045234292		False	False
negative	coccus	yes	yes	anaerobe	thermo	0	0.10558941156443066	0.9048095190480951			False	False	False	False	0	0.11007283618788391		False	False	0	0.08733198003453181		False	False	0	0.14526405880976279		False	False
negative	other	no	no	aerobe	psychro	0	0.21190665314787646	0.8062193780621938			False	False	False	False	0	0.20674536647749953		False	False	0	0.16251203237073567		False	False	0	0.060017299039411304		False	False
negative	other	no	no	aerobe	meso	22	21.270130309718102	0.620937906209379	1.0	1.0	True	False	False	False	23	21.14832811259422	1.0	False	True	21	20.44604507264318	0.8980077601995898	False	True	13	11.113203205464327	1.0	False	True
negative	other	no	no	aerobe	thermo	1	1.2979282505307435	0.6316368363163684			False	False	False	False	1	1.3007729307542677		False	False	1	1.411823281220766		False	False	1	1.1803402144417556		False	False
negative	other	no	no	facultative	psychro	0	0.04855703064345112	0.9531046895310469			False	False	False	False	0	0.04781481138325987		False	False	0	0.028302657322993287		False	False	0	0.013595908793658882		False	False
negative	other	no	no	facultative	meso	3	4.873911950836407	0.27247275272472754	0.48206717789759485	0.4831286102159015	True	False	False	False	3	4.8910567477459574	0.46907260493462855	False	True	3	3.5608280744490934	0.7877212278772122	False	True	2	2.517509111625836		False	False
negative	other	no	no	facultative	thermo	1	0.29741181269113814	0.9631036896310369			False	False	False	False	1	0.30083485495300993		False	False	1	0.24587933549350421		False	False	1	0.2673862062752913		False	False
negative	other	no	no	anaerobe	psychro	0	0.043607042082710955	0.9562043795620438			False	False	False	False	0	0.04272812932121094		False	False	0	0.029114203052684855		False	False	0	0.01915445714023765		False	False
negative	other	no	no	anaerobe	meso	8	4.377056849052112	0.9676032396760323	1.0	1.0	True	False	False	False	8	4.370731561815536	1.0	False	True	6	3.6629306715659133	1.0	False	True	7	3.5467669804673383	1.0	False	True
negative	other	no	no	anaerobe	thermo	1	0.26709313275660457	0.9716028397160283			False	False	False	False	1	0.2688311469792855		False	False	1	0.2529296390201997		False	False	1	0.37670432375800716		False	False
negative	other	no	yes	aerobe	psychro	0	0.06688945349236897	0.9367063293670633			False	False	False	False	0	0.0673172917058794		False	False	0	0.04998862274371242		False	False	0	0.01925688739232448		False	False
negative	other	no	yes	aerobe	meso	1	6.714028894296535	0.008599140085991401	0.026970030269700306	0.023326238804690962	True	False	False	True	1	6.88599796408058	0.020975175209751753	False	True	1	6.289193598943319	0.03228248603711058	False	True	1	3.565733648812083	0.2779277627792776	False	True
negative	other	no	yes	aerobe	thermo	0	0.40969790264076	0.6666333366663334			False	False	False	False	0	0.42353796031615787		False	False	0	0.43427616008600173		False	False	0	0.37871878538238146		False	False
negative	other	no	yes	facultative	psychro	0	0.015327283002700788	0.9825017498250175			False	False	False	False	0	0.015568733948379978		False	False	0	0.008705883736264521		False	False	0	0.004362323677109801		False	False
negative	other	no	yes	facultative	meso	0	1.5384760313960917	0.21307869213078692			False	False	False	False	0	1.5925517434697019		False	False	0	1.0953089975687802		False	False	0	0.8077569342114982		False	False
negative	other	no	yes	facultative	thermo	0	0.09387960839154233	0.9083091690830917			False	False	False	False	0	0.09795328442522402		False	False	0	0.07563236495879803		False	False	0	0.08579236564982609		False	False
negative	other	no	yes	anaerobe	psychro	0	0.013764792987862356	0.9885011498850115			False	False	False	False	0	0.013912485655999129		False	False	0	0.00895551481113949		False	False	0	0.00614581512520994		False	False
negative	other	no	yes	anaerobe	meso	1	1.3816410961566838	0.5960403959604039			False	False	False	False	1	1.4231313452282441		False	False	1	1.1267157071764873		False	False	1	1.1380001006847074		False	False
negative	other	no	yes	anaerobe	thermo	0	0.08430935705065694	0.9205079492050795			False	False	False	False	0	0.08753272225232783		False	False	0	0.07780103492177433		False	False	0	0.12086769746246218		False	False
negative	other	yes	no	aerobe	psychro	0	0.1590018713579046	0.8494150584941506			False	False	False	False	0	0.1559899996571394		False	False	0	0.1258071870889656		False	False	0	0.05161126167395159		False	False
negative	other	yes	no	aerobe	meso	14	15.959812837549675	0.36346365363463656	0.626974802519748	0.6169708029197081	True	False	False	False	14	15.95647704826155	0.6123982839811257	False	True	14	15.828116725630485	0.601561465475074	False	True	11	9.556685286626703	1.0	False	True
negative	other	yes	no	aerobe	thermo	0	0.9738864620671658	0.3722627737226277			False	False	False	False	0	0.9814370811761687		False	False	0	1.0929499378353889		False	False	0	1.0150214795877146		False	False
negative	other	yes	no	facultative	psychro	0	0.036434244159875805	0.9645035496450355			False	False	False	False	0	0.03607641872879714		False	False	0	0.021910240448078273		False	False	0	0.01169166253189642		False	False
negative	other	yes	no	facultative	meso	8	3.6570872575475337	0.9892010798920108	1.0	1.0	True	False	False	False	8	3.6903169991332074	1.0	False	True	7	2.7565821263738486		False	False	6	2.16490617882282		False	False
negative	other	yes	no	facultative	thermo	0	0.22315974547923934	0.8065193480651934			False	False	False	False	0	0.226980801168682		False	False	0	0.19034521389268003		False	False	0	0.22993602979396288		False	False
negative	other	yes	no	anaerobe	psychro	0	0.03272007363872342	0.9672032796720328			False	False	False	False	0	0.03223850184275489		False	False	0	0.022538491070245394		False	False	0	0.016471679257644124		False	False
negative	other	yes	no	anaerobe	meso	6	3.284277391486863	0.9575042495750425	1.0	1.0	True	False	False	False	6	3.2977300843318016	1.0	False	True	5	2.835623907775249		False	False	4	3.050005942540437	1.0	False	True
negative	other	yes	no	anaerobe	thermo	3	0.20041045103718094	1.0			False	False	False	False	3	0.20283390742733282		False	False	3	0.1958031411727569		False	False	3	0.32394302540033443		False	False
negative	other	yes	yes	aerobe	psychro	0	0.05018977989318866	0.9525047495250475			False	False	False	False	0	0.05079109867868551		False	False	0	0.03869823004545986		False	False	0	0.016559763103941687		False	False
negative	other	yes	yes	aerobe	meso	0	5.037799156778811	0.0072992700729927005	0.02464039310354679	0.018973102689731028	True	True	True	True	0	5.195506135673872	0.019878012198780125	True	True	0	4.868721067594418	0.021787294954715056	True	True	0	3.0663161347465357	0.12792404970029314	False	True
negative	other	yes	yes	aerobe	thermo	0	0.3074124018457805	0.7354264573542646			False	False	False	False	0	0.319560662520063		False	False	0	0.33619087351993254		False	False	0	0.3256753410441865		False	False
negative	other	yes	yes	facultative	psychro	0	0.011500661466069926	0.9893010698930107			False	False	False	False	0	0.011746656501412779		False	False	0	0.006739579389939638		False	False	0	0.003751335571731471		False	False
negative	other	yes	yes	facultative	meso	0	1.1543788946567686	0.3114688531146885			False	False	False	False	0	1.2015850712903489		False	False	0	0.8479233319967808		False	False	0	0.6946223033656107		False	False
negative	other	yes	yes	facultative	thermo	0	0.07044155147967829	0.9279072092790721			False	False	False	False	0	0.07390604715472206		False	False	0	0.05855009595010062		False	False	0	0.07377626624405226		False	False
negative	other	yes	yes	anaerobe	psychro	0	0.010328263937975417	0.9898010198980102			False	False	False	False	0	0.010497012192751846		False	False	0	0.006932828978181636		False	False	0	0.00528503077785373		False	False
negative	other	yes	yes	anaerobe	meso	3	1.0366994927742825	0.9806019398060194			False	False	False	False	3	1.0737568722169075		False	False	2	0.8722365458174771		False	False	3	0.9786115323659157		False	False
negative	other	yes	yes	anaerobe	thermo	0	0.06326061662009944	0.94000599940006			False	False	False	False	0	0.06604370171273036		False	False	0	0.060228951747952966		False	False	0	0.10393893863112336		False	False
positive	rod	no	no	aerobe	psychro	0	2.786734849404896	0.047995200479952004			False	False	False	False	0	2.7833434225627043		False	False	0	1.8673551989663406		False	False	0	0.5763376257326228		False	False
positive	rod	no	no	aerobe	meso	182	279.7185105090164	9.999000099990002e-05	0.0004928078620709357	0.0005307161591533154	True	False	False	True	185	284.7128375996433	0.000591607505916075	False	True	166	234.93662596995276	0.0005454000054540001	False	True	77	106.71851703149066	0.0011798820117988203	False	True
positive	rod	no	no	aerobe	thermo	2	17.068750952604987	9.999000099990002e-05	0.0004928078620709357	0.0005307161591533154	True	False	False	True	2	17.51186903362368	0.000591607505916075	False	True	2	16.222648291020086	0.0005454000054540001	False	True	1	11.33463997274158	0.0011798820117988203	False	True
positive	rod	no	no	facultative	psychro	0	0.638562156815805	0.5187481251874813			False	False	False	False	0	0.643714744529264		False	False	0	0.3252135458873964		False	False	0	0.13055958730613856		False	False
positive	rod	no	no	facultative	meso	95	64.09567649038641	1.0	1.0	1.0	True	False	False	False	96	65.84665407580596	1.0	False	True	51	40.91592924195807	1.0	False	True	24	24.175283582853325	0.8366294949452423	False	True
positive	rod	no	no	facultative	thermo	0	3.911193210496805	0.018098190180981903	0.04459911151741969	0.051005613724341856	True	True	False	True	0	4.050038600996619	0.04049224707158913	True	True	0	2.825292679896757		False	False	0	2.5676718836873924		False	False
positive	rod	no	no	anaerobe	psychro	0	0.5734660146161356	0.5544445555444456			False	False	False	False	0	0.5752344525580657		False	False	0	0.334538665482734		False	False	0	0.1839375401274328		False	False
positive	rod	no	no	anaerobe	meso	53	57.56165121709459	0.2723727627237276	0.48206717789759485	0.4820439008730706	True	False	False	False	53	58.84169087625214	0.3842490750924908	False	True	35	42.089145851046474	0.26477352264773524	False	True	36	34.05910118026298	1.0	False	True
positive	rod	no	no	anaerobe	thermo	5	3.51247933952383	0.8595140485951405	1.0	1.0	True	False	False	False	5	3.6191834306778294	1.0	False	True	5	2.9063046563812516		False	False	5	3.617438289172845	1.0	False	True
positive	rod	no	yes	aerobe	psychro	0	0.8796475633766603	0.41335866413358663			False	False	False	False	0	0.9062700861771709		False	False	0	0.5743975581862689		False	False	0	0.1849211633366704		False	False
positive	rod	no	yes	aerobe	meso	139	88.29462417393228	1.0	1.0	1.0	True	False	False	False	141	92.70387756520643	1.0	False	True	121	72.26639278930996	1.0	False	True	61	34.24123541117347	1.0	False	True
positive	rod	no	yes	aerobe	thermo	10	5.387841325682045	0.9808019198080192	1.0	1.0	True	False	False	False	11	5.701949292198033	1.0	False	True	10	4.9900787867432115	1.0	False	True	6	3.636782878954518	1.0	False	True
positive	rod	no	yes	facultative	psychro	0	0.2015655150785228	0.8191180881911809			False	False	False	False	0	0.20959663556749222		False	False	0	0.10003552979648503		False	False	0	0.04189077667576638		False	False
positive	rod	no	yes	facultative	meso	15	20.232138576006726	0.13208679132086792	0.2603996743182825	0.2730155555872984	True	False	False	False	17	21.439989179924726	0.34913944502985594	False	True	12	12.585720092520273	0.783921607839216	False	True	7	7.756775481129409	0.7801571194231929	False	True
positive	rod	no	yes	facultative	thermo	1	1.2345887798559523	0.6485351464853515			False	False	False	False	2	1.3187121654454719		False	False	1	0.8690586651069637		False	False	1	0.8238519412900722		False	False
positive	rod	no	yes	anaerobe	psychro	1	0.18101757422100348	0.9855014498550145			False	False	False	False	1	0.18729912114541858		False	False	0	0.10290393208455628		False	False	1	0.05901739255425651		False	False
positive	rod	no	yes	anaerobe	meso	22	18.169639012433223	0.8539146085391461	1.0	1.0	True	False	False	False	24	19.159139267166776	1.0	False	True	10	12.94660095538824	0.4546818045468181	False	True	15	10.92805385462983	1.0	False	True
positive	rod	no	yes	anaerobe	thermo	4	1.1087326421036465	0.9955004499550045			False	False	False	False	4	1.178423637206592		False	False	4	0.8939779099845828		False	False	3	1.160675386900378		False	False
positive	rod	yes	no	aerobe	psychro	0	2.0909964338139853	0.10898910108989102			False	False	False	False	0	2.1000409679242282		False	False	0	1.4455957595926012		False	False	0	0.49561563899597544		False	False
positive	rod	yes	no	aerobe	meso	33	209.88376704407878	9.999000099990002e-05	0.0004928078620709357	0.0005307161591533154	True	False	False	True	33	214.8166906772492	0.000591607505916075	False	True	31	181.87401650374414	0.0005454000054540001	False	True	17	91.7714958207548	0.0008427728655705859	False	True
positive	rod	yes	no	aerobe	thermo	1	12.807353157110661	9.999000099990002e-05	0.0004928078620709357	0.0005307161591533154	True	False	False	True	1	13.212757756523269	0.0010921984724604464	False	True	1	12.558613161460723	0.0005454000054540001	False	True	1	9.747107566920851	0.0011798820117988203	False	True
positive	rod	yes	no	facultative	psychro	0	0.47913822621321583	0.6177382261773823			False	False	False	False	0	0.48568470717985157		False	False	0	0.25176105925489123		False	False	0	0.11227338004789932		False	False
positive	rod	yes	no	facultative	meso	11	48.09349945615154	9.999000099990002e-05	0.0004928078620709357	0.0005307161591533154	True	False	False	True	11	49.68149817193898	0.000591607505916075	False	True	11	31.674688267506006	0.0005454000054540001	False	True	6	20.789287538869353	0.0008427728655705859	False	True
positive	rod	yes	no	facultative	thermo	0	2.934721635555947	0.05419458054194581			False	False	False	False	0	3.055766282673233	0.10465727620786308	False	True	0	2.187174202276868		False	False	0	2.20804314094202		False	False
positive	rod	yes	no	anaerobe	psychro	0	0.4302940381041015	0.6391360863913609			False	False	False	False	0	0.43401612130965456		False	False	0	0.2589800143589741		False	False	0	0.15817520393488577		False	False
positive	rod	yes	no	anaerobe	meso	5	43.19076407469919	9.999000099990002e-05	0.0004928078620709357	0.0005307161591533154	True	False	False	True	6	44.396232408966746	0.000591607505916075	False	True	4	32.582923056538434	0.0005454000054540001	False	True	5	29.28877526194302	0.0008427728655705859	False	True
positive	rod	yes	no	anaerobe	thermo	4	2.635550983387622	0.8701129887011299			False	False	False	False	4	2.73068476323991		False	False	4	2.249888874743588		False	False	2	3.1107790107194204	0.6431995689319957	False	True
positive	rod	yes	yes	aerobe	psychro	0	0.6600340604440883	0.524047595240476			False	False	False	False	0	0.6837835006446832		False	False	0	0.4446645581376517		False	False	0	0.15902106064041988		False	False
positive	rod	yes	yes	aerobe	meso	200	66.25091881707536	1.0	1.0	1.0	True	False	False	False	210	69.94535392011238	1.0	False	True	162	55.944359720693306	1.0	False	True	81	29.44539972858442	1.0	False	True
positive	rod	yes	yes	aerobe	thermo	23	4.042708620220041	1.0	1.0	1.0	True	False	False	False	24	4.302137858222798	1.0	False	True	21	3.8630233488208496	1.0	False	True	13	3.1274141925949244	1.0	False	True
positive	rod	yes	yes	facultative	psychro	0	0.1512425099571548	0.8547145285471452			False	False	False	False	0	0.15814129074505248		False	False	0	0.07744158034981576		False	False	0	0.0360235444003955		False	False
positive	rod	yes	yes	facultative	meso	61	15.180966936949414	1.0	1.0	1.0	True	False	False	False	65	16.176536199129327	1.0	False	True	44	9.743118827761196	1.0	False	True	21	6.6703596381398995	1.0	False	True
positive	rod	yes	yes	facultative	thermo	4	0.9263603734875733	0.9984001599840016			False	False	False	False	4	0.9949722876042885		False	False	3	0.6727737292890245		False	False	3	0.7084630398744448		False	False
positive	rod	yes	yes	anaerobe	psychro	0	0.13582458418482352	0.8692130786921308			False	False	False	False	0	0.14131774917642986		False	False	0	0.07966212745662049		False	False	0	0.050751402332048896		False	False
positive	rod	yes	yes	anaerobe	meso	29	13.633392637551658	0.9999000099990001	1.0	1.0	True	False	False	False	32	14.455628092838973	1.0	False	True	24	10.022491410636068	1.0	False	True	22	9.39746799848439	1.0	False	True
positive	rod	yes	yes	anaerobe	thermo	17	0.831925578132044	1.0			False	False	False	False	17	0.8891241719017046		False	False	16	0.6920647322793907		False	False	15	0.998110912530295		False	False
positive	coccus	no	no	aerobe	psychro	0	0.28533550329946394	0.7507249275072493			False	False	False	False	0	0.2830101623295412		False	False	0	0.1733830334152312		False	False	0	0.0645320121476682		False	False
positive	coccus	no	no	aerobe	meso	82	28.64055114368369	1.0	1.0	1.0	True	False	False	False	83	28.949581188292647	1.0	False	True	77	21.813752891553776	1.0	False	True	42	11.94917758267656	1.0	False	True
positive	coccus	no	no	aerobe	thermo	2	1.7476799577092168	0.7530246975302469			False	False	False	False	2	1.7806056046566963		False	False	2	1.5062651027948213		False	False	2	1.2691295722374745		False	False
positive	coccus	no	no	facultative	psychro	0	0.06538277383725202	0.9373062693730627			False	False	False	False	0	0.0654528696913045		False	False	0	0.030195921549843636		False	False	0	0.014618641049722082		False	False
positive	coccus	no	no	facultative	meso	53	6.562795923914171	1.0	1.0	1.0	True	False	False	False	53	6.695283128839688	1.0	False	True	19	3.7990243799897025	1.0	False	True	20	2.706885034373539		False	False
positive	coccus	no	no	facultative	thermo	0	0.40046948975316865	0.6747325267473253			False	False	False	False	0	0.4118076384744574		False	False	0	0.2623270684642666		False	False	0	0.28749994064453427		False	False
positive	coccus	no	no	anaerobe	psychro	0	0.058717539611124386	0.9417058294170583			False	False	False	False	0	0.05848979844754868		False	False	0	0.031061754425824817		False	False	0	0.020595323025851552		False	False
positive	coccus	no	no	anaerobe	meso	13	5.89377303846661	0.9978002199780022	1.0	1.0	True	False	False	False	13	5.983018966197168	1.0	False	True	10	3.9079569786990853	1.0	False	True	11	3.8135673136201786	1.0	False	True
positive	coccus	no	no	anaerobe	thermo	0	0.3596449301181369	0.704029597040296			False	False	False	False	0	0.36799831523249377		False	False	0	0.2698489915743531		False	False	0	0.4050413528417472		False	False
positive	coccus	no	yes	aerobe	psychro	0	0.09006765759427239	0.9151084891510849			False	False	False	False	0	0.09214947825850986		False	False	0	0.05333253741964288		False	False	0	0.020705458443102093		False	False
positive	coccus	no	yes	aerobe	meso	2	9.04054113102509	0.0046995300469953	0.01706671438119346	0.018973102689731028	True	False	False	True	2	9.426123713526739	0.014945873833669264	False	True	2	6.709899864108821	0.08724127587241276	False	True	0	3.833960721714404	0.0635054141644659	False	True
positive	coccus	no	yes	aerobe	thermo	0	0.5516644027649183	0.5761423857614238			False	False	False	False	0	0.5797738007097912		False	False	0	0.4633264188331477		False	False	0	0.4072073493810078		False	False
positive	coccus	no	yes	facultative	psychro	0	0.020638417646740948	0.9797020297970203			False	False	False	False	0	0.021311771078922733		False	False	0	0.00928825089892657		False	False	0	0.004690473064081951		False	False
positive	coccus	no	yes	facultative	meso	0	2.0715811712916223	0.1254874512548745			False	False	False	False	0	2.1800165832814713		False	False	0	1.1685780662211993		False	False	0	0.8685192623658412		False	False
positive	coccus	no	yes	facultative	thermo	0	0.1264103080862883	0.8788121187881212			False	False	False	False	0	0.13408655970488886		False	False	0	0.08069167968442457		False	False	0	0.09224597026027835		False	False
positive	coccus	no	yes	anaerobe	psychro	0	0.01853450128469454	0.9779022097790221			False	False	False	False	0	0.01904456138967563		False	False	0	0.009554580673806186		False	False	0	0.006608125035032583		False	False
positive	coccus	no	yes	anaerobe	meso	1	1.8604005664512142	0.44185581441855815			False	False	False	False	1	1.9480999254855695		False	False	1	1.202085681023241		False	False	1	1.2236044856535333		False	False
positive	coccus	no	yes	anaerobe	thermo	0	0.11352382036875407	0.8855114488551145			False	False	False	False	0	0.11982203207670918		False	False	0	0.08300541960369125		False	False	0	0.1299597923556408		False	False
positive	coccus	yes	no	aerobe	psychro	0	0.2140984169940347	0.8044195580441956			False	False	False	False	0	0.21353201707452366		False	False	0	0.13422287202193836		False	False	0	0.055493642976383345		False	False
positive	coccus	yes	no	aerobe	meso	15	21.490128605776228	0.07679232076792321	0.170924842999571	0.17493089400737344	True	False	False	False	16	21.84254591324815	0.21318153898895822	False	True	14	16.886915086260124	0.4727174341389391	False	True	7	10.275572891126982	0.3445255474452555	False	True
positive	coccus	yes	no	aerobe	thermo	0	1.3113528040884626	0.27077292270772924			False	False	False	False	0	1.343472274093878		False	False	0	1.16606120069059		False	False	0	1.091374978535539		False	False
positive	coccus	yes	no	facultative	psychro	0	0.04905925906648625	0.9554044595540446			False	False	False	False	0	0.04938438667169137		False	False	0	0.02337589344202298		False	False	0	0.012571150661733898		False	False
positive	coccus	yes	no	facultative	meso	2	4.924323128798558	0.11948805119488051	0.24330214037419787	0.2506749325067493	True	False	False	False	2	5.0516112199584295	0.22461364974613648	False	True	1	2.9409795936745162		False	False	1	2.327758064197727		False	False
positive	coccus	yes	no	facultative	thermo	0	0.3004879617822283	0.7371262873712628			False	False	False	False	0	0.3107100994760582		False	False	0	0.20307807427757463		False	False	0	0.24723262968076667		False	False
positive	coccus	yes	no	anaerobe	psychro	0	0.044058072462621146	0.9547045295470453			False	False	False	False	0	0.044130728515128455		False	False	0	0.024046169956489588		False	False	0	0.017710737120122343		False	False
positive	coccus	yes	no	anaerobe	meso	0	4.422329023435598	0.011898810118988102	0.03420907909209079	0.03529262458369548	True	True	True	True	0	4.514205771026681	0.03342582408425824	True	True	0	3.025308757650847	0.10568173951835586	False	True	0	3.279438156742654	0.11176104611761047	False	True
positive	coccus	yes	no	anaerobe	thermo	0	0.26985569383355457	0.7685231476852314			False	False	False	False	0	0.27765583357434986		False	False	0	0.2089011014970033		False	False	0	0.34831116336240614		False	False
positive	coccus	yes	yes	aerobe	psychro	0	0.06758129531836177	0.9355064493550644			False	False	False	False	0	0.06952705797890237		False	False	0	0.04128689067019818		False	False	0	0.01780544694429412		False	False
positive	coccus	yes	yes	aerobe	meso	1	6.783472517580562	0.009299070092990702	0.0278972102789721	0.024461190244611904	True	False	False	True	1	7.112038639091888	0.019945624485170527	False	True	1	5.194406932444308	0.08529581824426252	False	True	1	3.296975259185128	0.3214161342486441	False	True
positive	coccus	yes	yes	aerobe	thermo	0	0.4139354338249659	0.664033596640336			False	False	False	False	0	0.43744107311726077		False	False	0	0.35867986269734675		False	False	0	0.350173789904451		False	False
positive	coccus	yes	yes	facultative	psychro	0	0.015485814055152976	0.9841015898410159			False	False	False	False	0	0.016079795257012412		False	False	0	0.0071904135436862		False	False	0	0.00403352427649216		False	False
positive	coccus	yes	yes	facultative	meso	0	1.5543885857859798	0.20577942205779423			False	False	False	False	0	1.6448290564985615		False	False	0	0.9046439039650201		False	False	0	0.7468742451971316		False	False
positive	coccus	yes	yes	facultative	thermo	0	0.094850611087812	0.9103089691030897			False	False	False	False	0	0.10116871182536977		False	False	0	0.06246671766077387		False	False	0	0.07932597743767915		False	False
positive	coccus	yes	yes	anaerobe	psychro	0	0.013907163107783014	0.9875012498750125			False	False	False	False	0	0.014369178740308963		False	False	0	0.007396590276121646		False	False	0	0.005682589450306634		False	False
positive	coccus	yes	yes	anaerobe	meso	0	1.39593149694372	0.24577542245775422			False	False	False	False	0	1.4698472419774378		False	False	0	0.9305835141145546		False	False	0	1.052226146548445		False	False
positive	coccus	yes	yes	anaerobe	thermo	0	0.08518137403517097	0.9248075192480751			False	False	False	False	0	0.09040608290777723		False	False	0	0.06425787802380681		False	False	0	0.11175759252269714		False	False
positive	other	no	no	aerobe	psychro	0	0.17094990506047175	0.8436156384361564			False	False	False	False	0	0.16980609739772468		False	False	0	0.11957450580360775		False	False	0	0.046173767312555694		False	False
positive	other	no	no	aerobe	meso	16	17.15909672044485	0.44455554444555545	0.7481544528473982	0.7321682465899751	True	False	False	False	16	17.369748712975586	0.7067921114865258	False	True	14	15.043967511416401	0.7125076965987611	False	True	6	8.54984258070823	0.41957319419573197	False	True
positive	other	no	no	aerobe	thermo	0	1.0470681684953895	0.3377662233776622			False	False	False	False	0	1.0683633627940177		False	False	0	1.0388035191688425		False	False	0	0.908084090480262		False	False
positive	other	no	no	facultative	psychro	0	0.03917205833421266	0.9615038496150385			False	False	False	False	0	0.03927172181478269		False	False	0	0.020824773482650785		False	False	0	0.01045988971661149		False	False
positive	other	no	no	facultative	meso	9	3.9318953552965956	0.9936006399360064	1.0	1.0	True	False	False	False	9	4.017169877303813	1.0	False	True	8	2.620016813786002		False	False	3	1.9368229125258942		False	False
positive	other	no	no	facultative	thermo	0	0.23992885729705254	0.7828217178282172			False	False	False	False	0	0.2470845830846744		False	False	0	0.1809152196305287		False	False	0	0.20571116442669266		False	False
positive	other	no	no	anaerobe	psychro	0	0.03517879025159874	0.9662033796620338			False	False	False	False	0	0.035093879068529205		False	False	0	0.02142189960401712		False	False	0	0.014736308716773092		False	False
positive	other	no	no	anaerobe	meso	4	3.5310710715042237	0.7176282371762823	1.0	1.0	True	False	False	False	4	3.5898113797183004	1.0	False	True	1	2.6951427439304037		False	False	3	2.7286731640558175		False	False
positive	other	no	no	anaerobe	thermo	0	0.2154700902910423	0.801919808019198			False	False	False	False	0	0.22079898913949625		False	False	0	0.18610275280989874		False	False	0	0.2898140714298708		False	False
positive	other	no	yes	aerobe	psychro	0	0.05396123979216318	0.9485051494850515			False	False	False	False	0	0.05528968695510592		False	False	0	0.0367810602894089		False	False	0	0.01481511250670236		False	False
positive	other	no	yes	aerobe	meso	22	5.416359444138379	1.0	1.0	1.0	True	False	False	False	23	5.655674228116043	1.0	False	True	21	4.6275171476612575	1.0	False	True	8	2.7432649991577205		False	False
positive	other	no	yes	aerobe	thermo	2	0.33051259372699954	0.9953004699530047			False	False	False	False	2	0.34786428042587475		False	False	2	0.3195354612642398		False	False	2	0.29136387929847973		False	False
positive	other	no	yes	facultative	psychro	0	0.012364866960161976	0.9892010798920108			False	False	False	False	0	0.012787062647353638		False	False	0	0.006405690275121775		False	False	0	0.0033561143475758786		False	False
positive	other	no	yes	facultative	meso	0	1.2411235211262583	0.2873712628737126			False	False	False	False	0	1.3080099499688826		False	False	0	0.8059159077387583		False	False	0	0.6214405066928002		False	False
positive	other	no	yes	facultative	thermo	2	0.0757348101309921	0.9999000099990001			False	False	False	False	2	0.08045193582293331		False	False	2	0.05564943426512042		False	False	1	0.06600358216899228		False	False
positive	other	no	yes	anaerobe	psychro	0	0.011104370813737698	0.9896010398960104			False	False	False	False	0	0.011426736833805379		False	False	0	0.006589365981935302		False	False	0	0.004728227395756073		False	False
positive	other	no	yes	anaerobe	meso	2	1.1146012204289213	0.8957104289571043			False	False	False	False	2	1.168859955291342		False	False	0	0.8290246076022353		False	False	2	0.875510106114166		False	False
positive	other	no	yes	anaerobe	thermo	0	0.0680142712341434	0.9364063593640636			False	False	False	False	0	0.0718932192460255		False	False	0	0.05724511696806294		False	False	0	0.09298847211653608		False	False
positive	other	yes	no	aerobe	psychro	0	0.1282704172299062	0.8785121487851215			False	False	False	False	0	0.12811921024471418		False	False	0	0.09256749794616442		False	False	0	0.039706658336550155		False	False
positive	other	yes	no	aerobe	meso	2	12.875143129451834	9.999000099990002e-05	0.0004928078620709357	0.0014784235862128072	True	False	False	True	2	13.105527547948888	0.0020283685917122573	False	True	2	11.646148335351812	0.0015998400159984002	False	True	0	7.352349568651204	0.0021452400214524003	True	True
positive	other	yes	no	aerobe	thermo	0	0.7856563055331756	0.45525447455254475			False	False	False	False	0	0.8060833644563267		False	False	0	0.8041801384073034		False	False	0	0.7808976139521531		False	False
positive	other	yes	no	facultative	psychro	0	0.02939233142309308	0.9655034496550345			False	False	False	False	0	0.029630632003014815		False	False	0	0.016121305822084816		False	False	0	0.008994875042447533		False	False
positive	other	yes	no	facultative	meso	0	2.9502552665929676	0.0491950804919508			False	False	False	False	0	3.0309667319750573	0.10465727620786308	False	True	0	2.028261788741046		False	False	0	1.6655510286932014		False	False
positive	other	yes	no	facultative	thermo	0	0.18002802996644512	0.8373162683731626			False	False	False	False	0	0.1864260596856349		False	False	0	0.14005384432936183		False	False	0	0.17689920916813479		False	False
positive	other	yes	no	anaerobe	psychro	0	0.02639602579258359	0.9754024597540246			False	False	False	False	0	0.02647843710907707		False	False	0	0.016583565487234202		False	False	0	0.012672337766984093		False	False
positive	other	yes	no	anaerobe	meso	2	2.649501088930578	0.5042495750424958			False	False	False	False	2	2.708523462616009		False	False	1	2.0864198328626533		False	False	2	2.3464945431865543		False	False
positive	other	yes	no	anaerobe	thermo	0	0.1616756579795745	0.8511148885111489			False	False	False	False	0	0.16659350014460989		False	False	0	0.14406972517034713		False	False	0	0.24922264275068715		False	False
positive	other	yes	yes	aerobe	psychro	0	0.04048923419954714	0.9628037196280372			False	False	False	False	0	0.04171623478734142		False	False	0	0.028473717703584946		False	False	0	0.012740104279107002		False	False
positive	other	yes	yes	aerobe	meso	2	4.064106882779544	0.22527747225277472	0.42011204284976905	0.41750149309393386	True	False	False	False	2	4.267223183455133	0.34913944502985594	False	True	2	3.5823496085822817	0.4976169049761691	False	True	1	2.35904264234798		False	False
positive	other	yes	yes	aerobe	thermo	0	0.24799655947222626	0.7802219778022198			False	False	False	False	0	0.26246464387035645		False	False	0	0.24736542254989427		False	False	0	0.250555384155771		False	False
positive	other	yes	yes	facultative	psychro	0	0.009277844544056408	0.9915008499150085			False	False	False	False	0	0.009647877154207446		False	False	0	0.004958905892197379		False	False	0	0.002886056163352149		False	False
positive	other	yes	yes	facultative	meso	0	0.931263646109662	0.39176082391760825			False	False	False	False	0	0.9868974338991368		False	False	0	0.6238923475620828		False	False	0	0.5344013995807062		False	False
positive	other	yes	yes	facultative	thermo	0	0.05682679783234551	0.9434056594340566			False	False	False	False	0	0.06070122709522185		False	False	0	0.043080494938464726		False	False	0	0.056759104545925594		False	False
positive	other	yes	yes	anaerobe	psychro	0	0.008332044857526387	0.991000899910009			False	False	False	False	0	0.008621507244185377		False	False	0	0.005101096742152859		False	False	0	0.004065990727374574		False	False
positive	other	yes	yes	anaerobe	meso	1	0.836329002574211	0.8035196480351965			False	False	False	False	1	0.8819083451864627		False	False	1	0.6417817338721067		False	False	1	0.7528859496855254		False	False
positive	other	yes	yes	anaerobe	thermo	0	0.05103377475234912	0.9485051494850515			False	False	False	False	0	0.05424364974466634		False	False	0	0.044315777947452964		False	False	0	0.07996448430503329		False	False
