panel	traits	morphology_map	N_strains_with_genome	N_species	N_no_genome_requirement	N	cells	occupied	occupied_frac	mean_per_cell	null_occupied_mean	null_occupied_frac	null_occupied_lo	null_occupied_hi	p_fewer_occupied_than_null	empty_cells	testable_cells	empty_testable_cells	flagged_cells	empty_beyond_chance_cells	depleted_occupied_cells	n_perm	min_p_possible
4-trait	gram + shape + motility + spore	True	3126	3053	4047	3053	24	23	0.9583333333333334	127.20833333333333	24.0	1.0	24.0	24.0	0.0004997501249375312	1	24	1	14	1	13	2000	0.0004997501249375312
4-trait	gram + shape + motility + oxygen	False	6227	5670	10204	5670	36	35	0.9722222222222222	157.5	35.9965	0.9999027777777777	36.0	36.0	0.00399800099950025	1	36	1	17	1	16	2000	0.0004997501249375312
4-trait	gram + shape + motility + temperature	False	4430	4363	5343	4363	36	27	0.75	121.19444444444444	31.943	0.8873055555555556	29.0	35.0	0.0034982508745627187	9	24	1	7	0	7	2000	0.0004997501249375312
4-trait	gram + shape + spore + oxygen	False	2925	2860	3781	2860	36	32	0.8888888888888888	79.44444444444444	35.7405	0.9927916666666666	34.0	36.0	0.0009995002498750624	4	33	4	15	3	12	2000	0.0004997501249375312
4-trait	gram + shape + spore + temperature	False	2784	2752	3384	2752	36	25	0.6944444444444444	76.44444444444444	29.266	0.8129444444444444	27.0	32.0	0.006496751624187906	11	22	0	9	0	9	2000	0.0004997501249375312
4-trait	gram + shape + oxygen + temperature	False	4211	4142	5112	4142	54	39	0.7222222222222222	76.70370370370371	41.437	0.7673518518518518	38.0	45.0	0.17041479260369816	15	31	0	9	0	9	2000	0.0004997501249375312
4-trait	gram + motility + spore + oxygen	False	2931	2874	3778	2874	24	24	1.0	119.75	24.0	1.0	24.0	24.0	1.0	0	24	0	11	0	11	2000	0.0004997501249375312
4-trait	gram + motility + spore + temperature	False	2785	2753	3375	2753	24	19	0.7916666666666666	114.70833333333333	22.9065	0.9544375	21.0	24.0	0.0004997501249375312	5	19	0	7	0	7	2000	0.0004997501249375312
4-trait	gram + motility + oxygen + temperature	False	4187	4115	5096	4115	36	33	0.9166666666666666	114.30555555555556	33.3375	0.9260416666666667	31.0	36.0	0.5402298850574713	3	27	0	8	0	8	2000	0.0004997501249375312
4-trait	gram + spore + oxygen + temperature	False	2741	2706	3358	2706	36	25	0.6944444444444444	75.16666666666667	30.5915	0.8497638888888889	28.0	33.0	0.0004997501249375312	11	24	2	10	2	8	2000	0.0004997501249375312
4-trait	shape + motility + spore + oxygen	False	2699	2647	3511	2647	36	32	0.8888888888888888	73.52777777777777	35.656	0.9904444444444445	34.0	36.0	0.0004997501249375312	4	33	3	13	2	11	2000	0.0004997501249375312
4-trait	shape + motility + spore + temperature	False	2579	2552	3144	2552	36	24	0.6666666666666666	70.88888888888889	29.003	0.8056388888888889	26.0	32.0	0.001999000499750125	12	22	1	8	1	7	2000	0.0004997501249375312
4-trait	shape + motility + oxygen + temperature	False	3928	3870	4807	3870	54	37	0.6851851851851852	71.66666666666667	41.3065	0.7649351851851852	37.0	45.0	0.02798600699650175	17	30	2	11	1	10	2000	0.0004997501249375312
4-trait	shape + spore + oxygen + temperature	False	2453	2426	3008	2426	54	31	0.5740740740740741	44.925925925925924	37.7395	0.6988796296296296	34.0	41.0	0.0004997501249375312	23	27	2	8	2	6	2000	0.0004997501249375312
4-trait	motility + spore + oxygen + temperature	False	2448	2423	2993	2423	36	27	0.75	67.30555555555556	30.412	0.8447777777777777	28.0	33.0	0.01649175412293853	9	24	0	7	0	7	2000	0.0004997501249375312
5-trait	gram + shape + motility + spore + oxygen	False	2645	2595	3435	2595	72	58	0.8055555555555556	36.041666666666664	68.387	0.9498194444444444	65.0	71.0	0.0004997501249375312	14	55	4	21	3	18	2000	0.0004997501249375312
5-trait	gram + shape + motility + spore + temperature	False	2526	2502	3073	2502	72	42	0.5833333333333334	34.75	51.6945	0.7179791666666666	47.0	56.0	0.0004997501249375312	30	36	1	16	1	15	2000	0.0004997501249375312
5-trait	gram + shape + motility + oxygen + temperature	False	3842	3786	4667	3786	108	65	0.6018518518518519	35.05555555555556	72.1745	0.6682824074074074	67.0	78.0	0.00849575212393803	43	51	2	13	1	12	2000	0.0004997501249375312
5-trait	gram + shape + spore + oxygen + temperature	False	2408	2381	2948	2381	108	51	0.4722222222222222	22.046296296296298	65.548	0.606925925925926	60.0	71.0	0.0004997501249375312	57	41	4	13	1	12	2000	0.0004997501249375312
5-trait	gram + motility + spore + oxygen + temperature	False	2408	2383	2939	2383	72	47	0.6527777777777778	33.09722222222222	54.543	0.7575416666666667	51.0	58.0	0.0004997501249375312	25	38	2	16	1	15	2000	0.0004997501249375312
5-trait	shape + motility + spore + oxygen + temperature	False	2226	2205	2731	2205	108	54	0.5	20.416666666666668	64.947	0.6013611111111111	60.0	70.0	0.0004997501249375312	54	39	0	12	0	12	2000	0.0004997501249375312
6-trait (full)	gram + shape + motility + spore + oxygen + temperature	False	2189	2168	2680	2168	216	87	0.4027777777777778	10.037037037037036	109.0709	0.5049578703703703	102.0	116.0	9.999000099990002e-05	129	60	4	21	3	18	10000	9.999000099990002e-05
