panel	traits	morphology_map	N_strains_with_genome	null	N_input	N_used	strata_used	strata_excluded	species_excluded	N	cells	occupied	occupied_frac	mean_per_cell	null_occupied_mean	null_occupied_frac	null_occupied_lo	null_occupied_hi	p_fewer_occupied_than_null	empty_cells	testable_cells	empty_testable_cells	flagged_cells	empty_beyond_chance_cells	depleted_occupied_cells	cells_emptied_by_exclusion	n_perm	min_p_possible
4-trait	gram + shape + motility + spore	True	3126	global	3053	3053	1	0	0	3053	24	23	0.9583333333333334	127.20833333333333	24.0	1.0	24.0	24.0	0.0004997501249375312	1	24	1	14	1	13	0	2000	0.0004997501249375312
4-trait	gram + shape + motility + spore	True	3126	phylum	3053	3041	17	8	12	3041	24	23	0.9583333333333334	126.70833333333333	23.6645	0.9860208333333333	23.0	24.0	0.3213393303348326	1	22	1	9	1	8	0	2000	0.0004997501249375312
4-trait	gram + shape + motility + spore	True	3126	class	3053	2996	27	34	57	2996	24	23	0.9583333333333334	124.83333333333333	23.12	0.9633333333333334	22.0	24.0	0.6696651674162919	1	20	0	6	0	6	0	2000	0.0004997501249375312
4-trait	gram + shape + motility + spore	True	3126	order	3053	2878	53	98	175	2878	24	23	0.9583333333333334	119.91666666666667	22.6165	0.9423541666666666	21.0	24.0	0.8325837081459271	1	20	0	4	0	4	0	2000	0.0004997501249375312
4-trait	gram + shape + motility + oxygen	False	6227	global	5670	5670	1	0	0	5670	36	35	0.9722222222222222	157.5	35.9985	0.9999583333333333	36.0	36.0	0.001999000499750125	1	36	1	18	1	17	0	2000	0.0004997501249375312
4-trait	gram + shape + motility + oxygen	False	6227	phylum	5670	5653	18	9	17	5653	36	35	0.9722222222222222	157.02777777777777	35.9945	0.9998472222222223	36.0	36.0	0.005997001499250375	1	36	1	13	1	12	0	2000	0.0004997501249375312
4-trait	gram + shape + motility + oxygen	False	6227	class	5670	5604	32	38	66	5604	36	35	0.9722222222222222	155.66666666666666	35.9945	0.9998472222222223	36.0	36.0	0.005997001499250375	1	36	1	12	1	11	0	2000	0.0004997501249375312
4-trait	gram + shape + motility + oxygen	False	6227	order	5670	5452	66	121	218	5452	36	34	0.9444444444444444	151.44444444444446	35.7955	0.9943194444444443	35.0	36.0	0.013493253373313344	2	34	1	8	1	7	1	2000	0.0004997501249375312
4-trait	gram + shape + motility + temperature	False	7756	global	6968	6968	1	0	0	6968	36	30	0.8333333333333334	193.55555555555554	33.8155	0.9393194444444445	31.0	36.0	0.009495252373813094	6	25	1	10	1	9	0	2000	0.0004997501249375312
4-trait	gram + shape + motility + temperature	False	7756	phylum	6968	6955	20	9	13	6955	36	30	0.8333333333333334	193.19444444444446	32.608	0.9057777777777777	30.0	35.0	0.04147926036981509	6	25	1	9	1	8	0	2000	0.0004997501249375312
4-trait	gram + shape + motility + temperature	False	7756	class	6968	6900	34	40	68	6900	36	30	0.8333333333333334	191.66666666666666	32.264	0.8962222222222223	30.0	35.0	0.08895552223888056	6	24	1	9	1	8	0	2000	0.0004997501249375312
4-trait	gram + shape + motility + temperature	False	7756	order	6968	6740	74	129	228	6740	36	30	0.8333333333333334	187.22222222222223	30.9435	0.8595416666666666	28.0	34.0	0.3778110944527736	6	22	0	6	0	6	0	2000	0.0004997501249375312
4-trait	gram + shape + spore + oxygen	False	2925	global	2860	2860	1	0	0	2860	36	32	0.8888888888888888	79.44444444444444	35.707	0.9918611111111111	34.0	36.0	0.0004997501249375312	4	33	4	15	3	12	0	2000	0.0004997501249375312
4-trait	gram + shape + spore + oxygen	False	2925	phylum	2860	2842	14	11	18	2842	36	32	0.8888888888888888	78.94444444444444	34.946	0.9707222222222222	33.0	36.0	0.005997001499250375	4	31	1	9	1	8	0	2000	0.0004997501249375312
4-trait	gram + shape + spore + oxygen	False	2925	class	2860	2803	25	35	57	2803	36	32	0.8888888888888888	77.86111111111111	33.806	0.9390555555555555	32.0	36.0	0.09395302348825588	4	30	1	7	1	6	0	2000	0.0004997501249375312
4-trait	gram + shape + spore + oxygen	False	2925	order	2860	2701	52	92	159	2701	36	32	0.8888888888888888	75.02777777777777	32.4065	0.9001805555555555	30.0	34.0	0.5327336331834083	4	29	1	2	0	2	0	2000	0.0004997501249375312
4-trait	gram + shape + spore + temperature	False	3414	global	3333	3333	1	0	0	3333	36	26	0.7222222222222222	92.58333333333333	30.459	0.8460833333333333	28.0	33.0	0.005997001499250375	10	24	1	10	0	10	0	2000	0.0004997501249375312
4-trait	gram + shape + spore + temperature	False	3414	phylum	3333	3321	17	8	12	3321	36	26	0.7222222222222222	92.25	28.834	0.8009444444444445	27.0	31.0	0.02448775612193903	10	21	0	7	0	7	0	2000	0.0004997501249375312
4-trait	gram + shape + spore + temperature	False	3414	class	3333	3278	28	33	55	3278	36	26	0.7222222222222222	91.05555555555556	27.5225	0.7645138888888889	25.0	30.0	0.22088955522238882	10	20	0	6	0	6	0	2000	0.0004997501249375312
4-trait	gram + shape + spore + temperature	False	3414	order	3333	3160	56	99	173	3160	36	26	0.7222222222222222	87.77777777777777	26.1035	0.7250972222222223	24.0	29.0	0.6121939030484758	10	17	0	2	0	2	0	2000	0.0004997501249375312
4-trait	gram + shape + oxygen + temperature	False	6715	global	6121	6121	1	0	0	6121	54	41	0.7592592592592593	113.35185185185185	44.8985	0.8314537037037036	41.0	49.0	0.04147926036981509	13	33	0	7	0	7	0	2000	0.0004997501249375312
4-trait	gram + shape + oxygen + temperature	False	6715	phylum	6121	6102	18	9	19	6102	54	41	0.7592592592592593	113.0	44.735	0.8284259259259259	42.0	48.0	0.02348825587206397	13	34	2	7	2	5	0	2000	0.0004997501249375312
4-trait	gram + shape + oxygen + temperature	False	6715	class	6121	6051	32	38	70	6051	54	41	0.7592592592592593	112.05555555555556	43.909	0.8131296296296296	40.0	47.0	0.08395802098950525	13	33	1	6	1	5	0	2000	0.0004997501249375312
4-trait	gram + shape + oxygen + temperature	False	6715	order	6121	5903	70	119	218	5903	54	40	0.7407407407407407	109.31481481481481	40.6195	0.752212962962963	37.0	44.0	0.47626186906546725	14	30	0	0	0	0	1	2000	0.0004997501249375312
4-trait	gram + motility + spore + oxygen	False	2931	global	2874	2874	1	0	0	2874	24	24	1.0	119.75	24.0	1.0	24.0	24.0	1.0	0	24	0	11	0	11	0	2000	0.0004997501249375312
4-trait	gram + motility + spore + oxygen	False	2931	phylum	2874	2857	15	10	17	2857	24	24	1.0	119.04166666666667	24.0	1.0	24.0	24.0	1.0	0	24	0	11	0	11	0	2000	0.0004997501249375312
4-trait	gram + motility + spore + oxygen	False	2931	class	2874	2808	24	37	66	2808	24	24	1.0	117.0	23.9725	0.9988541666666667	23.0	24.0	1.0	0	24	0	10	0	10	0	2000	0.0004997501249375312
4-trait	gram + motility + spore + oxygen	False	2931	order	2874	2702	50	96	172	2702	24	24	1.0	112.58333333333333	23.887	0.9952916666666667	23.0	24.0	1.0	0	23	0	2	0	2	0	2000	0.0004997501249375312
4-trait	gram + motility + spore + temperature	False	3420	global	3344	3344	1	0	0	3344	24	21	0.875	139.33333333333334	23.4695	0.9778958333333333	22.0	24.0	0.00399800099950025	3	20	0	7	0	7	0	2000	0.0004997501249375312
4-trait	gram + motility + spore + temperature	False	3420	phylum	3344	3332	18	8	12	3332	24	21	0.875	138.83333333333334	21.102	0.87925	20.0	23.0	0.7116441779110445	3	18	0	7	0	7	0	2000	0.0004997501249375312
4-trait	gram + motility + spore + temperature	False	3420	class	3344	3279	27	36	65	3279	24	21	0.875	136.625	21.0155	0.8756458333333333	20.0	22.0	0.7546226886556722	3	18	0	6	0	6	0	2000	0.0004997501249375312
4-trait	gram + motility + spore + temperature	False	3420	order	3344	3153	53	103	191	3153	24	21	0.875	131.375	19.927	0.8302916666666667	19.0	21.0	0.9900049975012494	3	18	0	1	0	1	0	2000	0.0004997501249375312
4-trait	gram + motility + oxygen + temperature	False	6657	global	6081	6081	1	0	0	6081	36	34	0.9444444444444444	168.91666666666666	34.794	0.9664999999999999	33.0	36.0	0.3493253373313343	2	30	0	11	0	11	0	2000	0.0004997501249375312
4-trait	gram + motility + oxygen + temperature	False	6657	phylum	6081	6063	18	10	18	6063	36	34	0.9444444444444444	168.41666666666666	33.025	0.9173611111111111	31.0	35.0	0.936031984007996	2	29	0	8	0	8	0	2000	0.0004997501249375312
4-trait	gram + motility + oxygen + temperature	False	6657	class	6081	6016	34	37	65	6016	36	34	0.9444444444444444	167.11111111111111	33.1505	0.9208472222222223	31.0	35.0	0.9280359820089955	2	29	0	6	0	6	0	2000	0.0004997501249375312
4-trait	gram + motility + oxygen + temperature	False	6657	order	6081	5852	69	123	229	5852	36	34	0.9444444444444444	162.55555555555554	32.8545	0.912625	31.0	35.0	0.9565217391304348	2	27	0	1	0	1	0	2000	0.0004997501249375312
4-trait	gram + spore + oxygen + temperature	False	3327	global	3250	3250	1	0	0	3250	36	26	0.7222222222222222	90.27777777777777	32.2835	0.8967638888888888	30.0	35.0	0.0004997501249375312	10	26	2	10	2	8	0	2000	0.0004997501249375312
4-trait	gram + spore + oxygen + temperature	False	3327	phylum	3250	3232	15	11	18	3232	36	26	0.7222222222222222	89.77777777777777	27.813	0.7725833333333333	26.0	29.0	0.035982008995502246	10	23	1	9	1	8	0	2000	0.0004997501249375312
4-trait	gram + spore + oxygen + temperature	False	3327	class	3250	3185	25	37	65	3185	36	26	0.7222222222222222	88.47222222222223	27.1945	0.7554027777777779	25.0	29.0	0.22638680659670166	10	24	1	6	1	5	0	2000	0.0004997501249375312
4-trait	gram + spore + oxygen + temperature	False	3327	order	3250	3078	53	96	172	3078	36	25	0.6944444444444444	85.5	25.8185	0.7171805555555556	24.0	28.0	0.392303848075962	11	22	0	2	0	2	1	2000	0.0004997501249375312
4-trait	shape + motility + spore + oxygen	False	2699	global	2647	2647	1	0	0	2647	36	32	0.8888888888888888	73.52777777777777	35.6425	0.9900694444444444	34.0	36.0	0.0004997501249375312	4	33	3	13	2	11	0	2000	0.0004997501249375312
4-trait	shape + motility + spore + oxygen	False	2699	phylum	2647	2630	14	10	17	2630	36	32	0.8888888888888888	73.05555555555556	35.5795	0.9883194444444445	34.0	36.0	0.0004997501249375312	4	33	3	14	3	11	0	2000	0.0004997501249375312
4-trait	shape + motility + spore + oxygen	False	2699	class	2647	2587	24	36	60	2587	36	32	0.8888888888888888	71.86111111111111	35.4705	0.9852916666666667	34.0	36.0	0.0009995002498750624	4	31	3	15	3	12	0	2000	0.0004997501249375312
4-trait	shape + motility + spore + oxygen	False	2699	order	2647	2496	52	91	151	2496	36	32	0.8888888888888888	69.33333333333333	34.0475	0.9457638888888888	32.0	36.0	0.06346826586706647	4	26	0	2	0	2	0	2000	0.0004997501249375312
4-trait	shape + motility + spore + temperature	False	3164	global	3097	3097	1	0	0	3097	36	25	0.6944444444444444	86.02777777777777	30.21	0.8391666666666667	27.0	33.0	0.0014992503748125937	11	23	1	8	1	7	0	2000	0.0004997501249375312
4-trait	shape + motility + spore + temperature	False	3164	phylum	3097	3084	17	9	13	3084	36	25	0.6944444444444444	85.66666666666667	29.3675	0.8157638888888888	27.0	32.0	0.0014992503748125937	11	24	2	6	1	5	0	2000	0.0004997501249375312
4-trait	shape + motility + spore + temperature	False	3164	class	3097	3037	27	35	60	3037	36	25	0.6944444444444444	84.36111111111111	28.936	0.8037777777777778	26.975	31.0	0.0029985007496251873	11	22	1	6	0	6	0	2000	0.0004997501249375312
4-trait	shape + motility + spore + temperature	False	3164	order	3097	2927	55	98	170	2927	36	24	0.6666666666666666	81.30555555555556	26.6225	0.7395138888888888	24.0	30.0	0.07446276861569215	12	20	0	2	0	2	1	2000	0.0004997501249375312
4-trait	shape + motility + oxygen + temperature	False	6348	global	5789	5789	1	0	0	5789	54	39	0.7222222222222222	107.20370370370371	44.4735	0.8235833333333333	41.0	48.0	0.005497251374312844	15	33	2	9	1	8	0	2000	0.0004997501249375312
4-trait	shape + motility + oxygen + temperature	False	6348	phylum	5789	5772	18	9	17	5772	54	39	0.7222222222222222	106.88888888888889	45.1245	0.8356388888888888	42.0	48.0	0.0009995002498750624	15	36	4	8	1	7	0	2000	0.0004997501249375312
4-trait	shape + motility + oxygen + temperature	False	6348	class	5789	5721	33	40	68	5721	54	39	0.7222222222222222	105.94444444444444	44.3065	0.8204907407407407	41.0	48.0	0.004997501249375313	15	32	1	6	0	6	0	2000	0.0004997501249375312
4-trait	shape + motility + oxygen + temperature	False	6348	order	5789	5573	71	121	216	5573	54	39	0.7222222222222222	103.20370370370371	40.5735	0.7513611111111111	37.0	44.0	0.2798600699650175	15	30	0	6	0	6	0	2000	0.0004997501249375312
4-trait	shape + spore + oxygen + temperature	False	2964	global	2896	2896	1	0	0	2896	54	32	0.5925925925925926	53.629629629629626	39.9065	0.7390092592592593	36.0	44.0	0.0004997501249375312	22	28	3	9	2	7	0	2000	0.0004997501249375312
4-trait	shape + spore + oxygen + temperature	False	2964	phylum	2896	2877	14	12	19	2877	54	32	0.5925925925925926	53.27777777777778	38.851	0.719462962962963	36.0	42.0	0.0009995002498750624	22	28	3	12	3	9	0	2000	0.0004997501249375312
4-trait	shape + spore + oxygen + temperature	False	2964	class	2896	2836	25	37	60	2836	54	32	0.5925925925925926	52.51851851851852	38.2905	0.7090833333333334	35.0	41.0	0.0004997501249375312	22	27	2	7	2	5	0	2000	0.0004997501249375312
4-trait	shape + spore + oxygen + temperature	False	2964	order	2896	2741	54	93	155	2741	54	30	0.5555555555555556	50.75925925925926	34.009	0.6297962962962963	31.0	37.0	0.01249375312343828	24	26	1	2	0	2	2	2000	0.0004997501249375312
4-trait	motility + spore + oxygen + temperature	False	2972	global	2913	2913	1	0	0	2913	36	28	0.7777777777777778	80.91666666666667	32.148	0.8930000000000001	30.0	34.0	0.001999000499750125	8	24	0	7	0	7	0	2000	0.0004997501249375312
4-trait	motility + spore + oxygen + temperature	False	2972	phylum	2913	2896	15	10	17	2896	36	28	0.7777777777777778	80.44444444444444	29.419	0.8171944444444444	28.0	31.0	0.1714142928535732	8	26	0	9	0	9	0	2000	0.0004997501249375312
4-trait	motility + spore + oxygen + temperature	False	2972	class	2913	2845	24	38	68	2845	36	28	0.7777777777777778	79.02777777777777	29.5985	0.8221805555555556	28.0	31.0	0.10794602698650675	8	26	0	7	0	7	0	2000	0.0004997501249375312
4-trait	motility + spore + oxygen + temperature	False	2972	order	2913	2747	52	96	166	2747	36	28	0.7777777777777778	76.30555555555556	28.5645	0.7934583333333333	27.0	30.0	0.4702648675662169	8	24	0	2	0	2	0	2000	0.0004997501249375312
5-trait	gram + shape + motility + spore + oxygen	False	2645	global	2595	2595	1	0	0	2595	72	58	0.8055555555555556	36.041666666666664	68.302	0.948638888888889	65.0	71.0	0.0004997501249375312	14	55	4	21	3	18	0	2000	0.0004997501249375312
5-trait	gram + shape + motility + spore + oxygen	False	2645	phylum	2595	2578	14	10	17	2578	72	58	0.8055555555555556	35.80555555555556	65.041	0.9033472222222222	62.0	68.0	0.0009995002498750624	14	51	4	18	4	14	0	2000	0.0004997501249375312
5-trait	gram + shape + motility + spore + oxygen	False	2645	class	2595	2537	24	35	58	2537	72	58	0.8055555555555556	35.236111111111114	62.679	0.8705416666666667	59.0	66.0	0.015492253873063468	14	50	2	13	2	11	0	2000	0.0004997501249375312
5-trait	gram + shape + motility + spore + oxygen	False	2645	order	2595	2438	50	91	157	2438	72	58	0.8055555555555556	33.861111111111114	58.435	0.8115972222222223	55.0	62.0	0.5147426286856571	14	42	0	4	0	4	0	2000	0.0004997501249375312
5-trait	gram + shape + motility + spore + temperature	False	3092	global	3030	3030	1	0	0	3030	72	44	0.6111111111111112	42.083333333333336	54.065	0.7509027777777777	50.0	58.0	0.0004997501249375312	28	37	1	16	1	15	0	2000	0.0004997501249375312
5-trait	gram + shape + motility + spore + temperature	False	3092	phylum	3030	3018	17	8	12	3018	72	44	0.6111111111111112	41.916666666666664	50.6405	0.7033402777777779	47.0	55.0	0.0009995002498750624	28	34	2	10	1	9	0	2000	0.0004997501249375312
5-trait	gram + shape + motility + spore + temperature	False	3092	class	3030	2973	27	34	57	2973	72	44	0.6111111111111112	41.291666666666664	48.1175	0.6682986111111111	44.0	52.0	0.029985007496251874	28	31	0	7	0	7	0	2000	0.0004997501249375312
5-trait	gram + shape + motility + spore + temperature	False	3092	order	3030	2855	53	98	175	2855	72	43	0.5972222222222222	39.65277777777778	43.603	0.6055972222222222	40.0	47.0	0.4827586206896552	29	29	0	4	0	4	1	2000	0.0004997501249375312
5-trait	gram + shape + motility + oxygen + temperature	False	6184	global	5634	5634	1	0	0	5634	108	69	0.6388888888888888	52.166666666666664	78.2989	0.7249898148148148	73.0	84.0	0.0015998400159984002	39	54	2	21	1	20	0	10000	9.999000099990002e-05
5-trait	gram + shape + motility + oxygen + temperature	False	6184	phylum	5634	5617	18	9	17	5617	108	69	0.6388888888888888	52.00925925925926	78.3289	0.7252675925925927	73.0	83.0	9.999000099990002e-05	39	59	4	15	1	14	0	10000	9.999000099990002e-05
5-trait	gram + shape + motility + oxygen + temperature	False	6184	class	5634	5568	32	38	66	5568	108	69	0.6388888888888888	51.55555555555556	75.8102	0.7019462962962962	71.0	81.0	0.006399360063993601	39	53	1	13	1	12	0	10000	9.999000099990002e-05
5-trait	gram + shape + motility + oxygen + temperature	False	6184	order	5634	5416	66	121	218	5416	108	66	0.6111111111111112	50.148148148148145	69.3609	0.6422305555555555	65.0	74.0	0.11438856114388561	42	49	2	8	1	7	3	10000	9.999000099990002e-05
5-trait	gram + shape + spore + oxygen + temperature	False	2901	global	2836	2836	1	0	0	2836	108	52	0.48148148148148145	26.25925925925926	69.5065	0.6435787037037037	64.0	75.0	0.0004997501249375312	56	45	6	19	5	14	0	2000	0.0004997501249375312
5-trait	gram + shape + spore + oxygen + temperature	False	2901	phylum	2836	2818	14	11	18	2818	108	52	0.48148148148148145	26.09259259259259	65.045	0.6022685185185185	60.0	69.02499999999986	0.0004997501249375312	56	42	4	13	3	10	0	2000	0.0004997501249375312
5-trait	gram + shape + spore + oxygen + temperature	False	2901	class	2836	2779	25	35	57	2779	108	52	0.48148148148148145	25.73148148148148	61.1985	0.5666527777777778	57.0	66.0	0.0009995002498750624	56	42	3	9	2	7	0	2000	0.0004997501249375312
5-trait	gram + shape + spore + oxygen + temperature	False	2901	order	2836	2677	52	92	159	2677	108	49	0.4537037037037037	24.787037037037038	53.052	0.4912222222222222	49.0	57.0	0.044977511244377814	59	38	1	2	0	2	3	2000	0.0004997501249375312
5-trait	gram + motility + spore + oxygen + temperature	False	2914	global	2857	2857	1	0	0	2857	72	49	0.6805555555555556	39.68055555555556	58.141	0.8075138888888889	54.0	62.0	0.0004997501249375312	23	42	3	18	1	17	0	2000	0.0004997501249375312
5-trait	gram + motility + spore + oxygen + temperature	False	2914	phylum	2857	2840	15	10	17	2840	72	49	0.6805555555555556	39.44444444444444	52.204	0.7250555555555556	49.0	55.0	0.034482758620689655	23	42	2	15	2	13	0	2000	0.0004997501249375312
5-trait	gram + motility + spore + oxygen + temperature	False	2914	class	2857	2791	24	37	66	2791	72	49	0.6805555555555556	38.763888888888886	50.715	0.7043750000000001	48.0	53.0	0.19590204897551225	23	42	1	11	0	11	0	2000	0.0004997501249375312
5-trait	gram + motility + spore + oxygen + temperature	False	2914	order	2857	2685	50	96	172	2685	72	46	0.6388888888888888	37.291666666666664	47.143	0.6547638888888889	44.0	50.0	0.3378310844577711	26	33	0	2	0	2	3	2000	0.0004997501249375312
5-trait	shape + motility + spore + oxygen + temperature	False	2684	global	2632	2632	1	0	0	2632	108	55	0.5092592592592593	24.37037037037037	69.076	0.6395925925925925	64.0	74.0	0.0004997501249375312	53	44	3	15	1	14	0	2000	0.0004997501249375312
5-trait	shape + motility + spore + oxygen + temperature	False	2684	phylum	2632	2615	14	10	17	2615	108	55	0.5092592592592593	24.212962962962962	68.372	0.6330740740740741	63.0	73.0	0.0004997501249375312	53	47	3	12	3	9	0	2000	0.0004997501249375312
5-trait	shape + motility + spore + oxygen + temperature	False	2684	class	2632	2572	24	36	60	2572	108	54	0.5	23.814814814814813	65.947	0.6106203703703704	61.0	71.0	0.0004997501249375312	54	45	2	11	2	9	1	2000	0.0004997501249375312
5-trait	shape + motility + spore + oxygen + temperature	False	2684	order	2632	2481	52	91	151	2481	108	52	0.48148148148148145	22.97222222222222	57.533	0.532712962962963	53.0	62.0	0.0074962518740629685	56	38	0	2	0	2	3	2000	0.0004997501249375312
6-trait (full)	gram + shape + motility + spore + oxygen + temperature	False	2630	global	2580	2580	1	0	0	2580	216	90	0.4166666666666667	11.944444444444445	117.2876	0.5429981481481482	110.0	124.0	9.999000099990002e-05	126	69	4	28	4	24	0	10000	9.999000099990002e-05
6-trait (full)	gram + shape + motility + spore + oxygen + temperature	False	2630	phylum	2580	2563	14	10	17	2563	216	90	0.4166666666666667	11.86574074074074	109.3023	0.5060291666666666	103.0	116.0	9.999000099990002e-05	126	67	6	21	4	17	0	10000	9.999000099990002e-05
6-trait (full)	gram + shape + motility + spore + oxygen + temperature	False	2630	class	2580	2522	24	35	58	2522	216	89	0.41203703703703703	11.675925925925926	102.5759	0.47488842592592595	96.0	109.0	9.999000099990002e-05	127	62	2	14	2	12	1	10000	9.999000099990002e-05
6-trait (full)	gram + shape + motility + spore + oxygen + temperature	False	2630	order	2580	2423	50	91	157	2423	216	83	0.38425925925925924	11.217592592592593	87.9398	0.40712870370370374	82.0	94.0	0.06669333066693331	133	52	1	4	0	4	7	10000	9.999000099990002e-05
