trait	label	n	genome_seen	species_seen	unseen	share_genome_seen	share_species_seen	share_unseen
motility	no	1375	1111	140	124	0.808	0.1018	0.0902
motility	yes	1060	872	99	89	0.8226	0.0934	0.084
motility	all	2435	1983	239	213	0.8144	0.0982	0.0875
oxygen	aerobe	1741	1381	170	190	0.7932	0.0976	0.1091
oxygen	anaerobe	296	261	30	5	0.8818	0.1014	0.0169
oxygen	facultative	398	341	39	18	0.8568	0.098	0.0452
oxygen	all	2435	1983	239	213	0.8144	0.0982	0.0875
shape	coccus	209	163	24	22	0.7799	0.1148	0.1053
shape	other	113	90	14	9	0.7965	0.1239	0.0796
shape	rod	2113	1730	201	182	0.8187	0.0951	0.0861
shape	all	2435	1983	239	213	0.8144	0.0982	0.0875
gram	negative	1308	1095	114	99	0.8372	0.0872	0.0757
gram	positive	1127	888	125	114	0.7879	0.1109	0.1012
gram	all	2435	1983	239	213	0.8144	0.0982	0.0875
spore	no	1822	1490	174	158	0.8178	0.0955	0.0867
spore	yes	613	493	65	55	0.8042	0.106	0.0897
spore	all	2435	1983	239	213	0.8144	0.0982	0.0875
temperature	meso	2304	1868	224	212	0.8108	0.0972	0.092
temperature	psychro	24	24	0	0	1.0	0.0	0.0
temperature	thermo	107	91	15	1	0.8505	0.1402	0.0093
temperature	all	2435	1983	239	213	0.8144	0.0982	0.0875
