acc	bp	n_proteins	n_families	gene_call_s	hmmsearch_s	wall_s	cpu_s	peak_rss_gb
GCF_000160615.1	2435166	2107	1656	1.176	49.46	51.16	208.8	0.2307
GCF_000372065.1	2311610	2142	2138	0.6631	39.19	40.04	178.7	0.3611
GCF_000376225.1	3363524	3503	2551	1.471	59.87	61.48	270.1	0.3465
GCF_000378165.1	2384067	2231	1904	1.445	49.91	51.41	223.4	0.2682
GCF_000384135.1	2085243	1916	1985	0.5613	36.41	37.23	162.9	0.2566
GCF_000420405.1	2270293	2013	1800	1.009	50.07	51.22	216.9	0.2831
GCF_000425045.1	2282467	2196	1887	1.03	45.41	46.61	191.6	0.2197
GCF_000428905.1	4363047	3829	2832	2.213	99.58	102.2	423.2	0.4428
GCF_000429145.1	3783840	3421	2821	1.599	87.73	89.47	401	0.3838
GCF_000429525.1	3272318	3432	2492	1.746	60.57	62.88	276.3	0.3119
GCF_000521505.1	4764126	4423	2593	3.164	94.61	98.07	400	0.3835
GCF_000819885.1	3904228	3605	2898	1.785	64.89	66.84	289.8	0.2601
GCF_000820165.1	4250891	3890	3016	2.152	77.11	79.4	344.4	0.2733
GCF_001399675.1	5044184	4898	2679	2.213	82.62	85.35	362.4	0.4185
GCF_001543145.1	2033849	1784	1813	0.7902	43.99	44.86	183.5	0.2198
GCF_001543205.1	2013339	1792	1751	0.9157	47.85	48.86	210.3	0.2735
GCF_001552255.1	3628929	3617	2470	1.75	70.8	72.67	321.1	0.3432
GCF_001552655.1	3421583	3329	2443	1.702	64.32	66.13	293.8	0.3647
GCF_001580535.1	3088073	2878	2187	1.158	45.15	46.36	204.3	0.3061
GCF_001580995.1	3928785	3536	2376	1.943	64.94	66.95	293.2	0.2521
GCF_002237365.1	4051699	3819	2912	2.738	94.2	97.31	403.4	0.2619
GCF_003762925.1	3848416	3199	2837	1.875	77.99	80.99	354.4	0.3666
GCF_004153445.1	4148464	3925	2543	2.095	72.41	74.65	325	0.3323
GCF_004153455.1	4524755	4301	2653	3.139	89.06	92.28	378.6	0.3515
GCF_004366795.1	2946319	2951	2240	2.089	61.06	63.2	270.2	0.3437
GCF_011516825.1	4106074	3839	2404	1.713	62.62	64.56	282.1	0.2566
GCF_014644575.1	4901004	4407	2982	2.254	80.95	83.3	358.4	0.3235
GCF_014651835.1	5594594	5085	2844	2.756	91.6	94.51	403.8	0.3732
GCF_020687825.1	4032098	3774	2890	1.703	69.5	71.42	306.3	0.5223
GCF_026651875.1	6035649	6079	2786	4.054	113.4	117.8	474.8	0.4482
GCF_030409335.1	6499220	6261	2885	2.785	109.1	112.4	472	0.2753
GCF_039523035.1	6241401	5961	2951	2.2	89.01	91.3	380.8	0.4195
GCF_042433125.1	6312041	5958	2800	2.916	107	110.2	471.7	0.2721
GCF_042649925.1	3590594	3274	2763	1.724	67.44	69.78	304	0.2849
GCF_900102025.1	2200507	1736	1609	1.042	45.1	46.42	186.3	0.2565
GCF_900105015.1	2026407	1764	1598	1.329	45.78	47.21	193.9	0.265
GCF_900110675.1	1958489	1879	1749	0.6311	47.39	48.12	193.1	0.2196
GCF_900112895.1	2539887	2288	1937	1.452	53.92	55.46	242.9	0.3013
GCF_900116805.1	3789420	3825	2545	1.928	64.45	66.49	290.6	0.3479
GCF_900445835.1	3780021	3507	2548	1.792	61.53	63.45	277.6	0.3511
