size	traits	N	cells	N_per_cell	expected_min	expected_median	expected_max	testable_cell_frac
1	gram	8522	2	4261.0	3342.0	4261.0	5180.0	1.0
1	shape	7933	3	2644.3333333333335	573.0	705.0	6655.0	1.0
1	motility	7821	2	3910.5	3227.0	3910.5	4594.0	1.0
1	spore	4099	2	2049.5	1308.0	2049.5	2791.0	1.0
1	oxygen	8400	3	2800.0	1515.0	1545.0	5340.0	1.0
1	temperature	14334	3	4778.0	123.0	565.0	13646.0	1.0
2	gram + shape	7679	6	1279.8333333333333	194.44875634848287	385.3543430134132	4096.291313973174	1.0
2	gram + motility	7579	4	1894.75	1184.3310463121784	1814.6689536878216	2765.3310463121784	1.0
2	gram + spore	3836	4	959.0	547.4285714285713	958.5714285714284	1371.4285714285716	1.0
2	gram + oxygen	6905	6	1150.8333333333333	280.416944243302	638.5	2973.483852280956	1.0
2	gram + temperature	8404	6	1400.6666666666667	37.03403141361257	127.5	4881.498691099477	1.0
2	shape + motility	7259	6	1209.8333333333333	213.413968866235	326.5276208844193	3519.944758231161	1.0
2	shape + spore	3447	6	574.5	50.66318537859008	185.65926892950392	2193.681462140992	1.0
2	shape + oxygen	6358	9	706.4444444444445	47.46492607738283	304.69864737338787	3731.5149418055994	1.0
2	shape + temperature	7824	9	869.3333333333334	6.583077709611452	76.35672290388548	6290.619248466259	1.0
2	motility + spore	3450	4	862.5	375.9321739130434	790.5678260869565	1492.9321739130435	1.0
2	motility + oxygen	6297	6	1049.5	279.9904716531682	611.5	2574.2917262188344	1.0
2	motility + temperature	7726	6	1287.6666666666667	34.61765467253431	114.99999999999999	4357.404090085425	1.0
2	spore + oxygen	3356	6	559.3333333333334	139.27234803337308	336.8940703218117	1679.2118593563769	1.0
2	spore + temperature	4063	6	677.1666666666666	10.550578390351959	107.5	2595.2891951759784	1.0
2	oxygen + temperature	8327	9	925.2222222222222	14.591089227813136	69.5414915335655	4999.985468956407	1.0
3	gram + shape + motility	7049	12	587.4166666666666	72.94460693150499	169.969916781987	2173.5688492370678	1.0
3	gram + shape + spore	3366	12	280.5	22.22278427206602	90.35724428232555	1157.7365373704893	1.0
3	gram + shape + oxygen	6170	18	342.77777777777777	15.608639072838981	121.87777634762233	2311.4790535056172	1.0
3	gram + shape + temperature	7574	18	420.77777777777777	2.28954083811664	37.876287298653295	3864.8324342327433	0.8888888888888888
3	gram + motility + spore	3369	8	421.125	171.3702122815703	379.59260908281385	764.7354570565121	1.0
3	gram + motility + oxygen	6125	12	510.4166666666667	100.04064343856726	285.7515417109538	1564.3471431703458	1.0
3	gram + motility + temperature	7487	12	623.9166666666666	12.9885672452437	52.68212910035112	2619.162775158166	1.0
3	gram + spore + oxygen	3277	12	273.0833333333333	62.63333733442757	163.06848338383435	851.6243354311298	1.0
3	gram + spore + temperature	3800	12	316.6666666666667	4.697511149584488	49.649163227146815	1279.7153362880888	1.0
3	gram + oxygen + temperature	6846	18	380.3333333333333	2.990874912701101	28.39819589245612	2809.915063921613	0.9444444444444444
3	shape + motility + spore	3121	12	260.0833333333333	18.441581000675416	81.15912043160199	1146.1053768432691	1.0
3	shape + motility + oxygen	5827	18	323.72222222222223	17.739271057555666	132.3524434388727	1958.3659474578037	1.0
3	shape + motility + temperature	7176	18	398.6666666666667	2.4065956259499957	34.57232441471571	3338.556524407352	0.9444444444444444
3	shape + spore + oxygen	2920	18	162.22222222222223	5.903171326702946	37.5067218286733	1301.5644566288233	1.0
3	shape + spore + temperature	3413	18	189.61111111111111	0.48721632674365406	16.57504539828025	2030.8767677815188	0.7222222222222222
3	shape + oxygen + temperature	6306	27	233.55555555555554	0.5252952574428835	13.043749281414735	3529.820508038649	0.7407407407407407
3	motility + spore + oxygen	2930	12	244.16666666666666	47.82296543931786	159.7197994152524	876.0796747778076	1.0
3	motility + spore + temperature	3424	12	285.3333333333333	3.464320027950039	42.094178530876064	1392.896213643113	1.0
3	motility + oxygen + temperature	6251	18	347.27777777777777	2.8039811950356697	24.56759741349719	2447.046018680844	0.9444444444444444
3	spore + oxygen + temperature	3329	18	184.94444444444446	1.0435795431627954	19.533705141405967	1552.3013296678894	0.7777777777777778
4	gram + shape + motility + spore	3053	24	127.20833333333333	8.065353295969958	40.15070085727676	610.284748800922	1.0
4	gram + shape + motility + oxygen	5670	36	157.5	5.838074432130217	52.92604976700595	1221.6206695218668	1.0
4	gram + shape + motility + temperature	6968	36	193.55555555555554	0.8372956161218981	16.41658586534939	2060.294355335506	0.6944444444444444
4	gram + shape + spore + oxygen	2860	36	79.44444444444444	2.452576189886694	17.931841756585634	712.4942043902844	0.9166666666666666
4	gram + shape + spore + temperature	3333	36	92.58333333333333	0.21982777008841323	8.063926982777087	1069.5456999431456	0.6666666666666666
4	gram + shape + oxygen + temperature	6121	54	113.35185185185185	0.17612933802473255	6.893755180899619	2184.3453000574564	0.6111111111111112
4	gram + motility + spore + oxygen	2874	24	119.75	20.730182236475333	77.04237973360226	466.04297627336484	1.0
4	gram + motility + spore + temperature	3344	24	139.33333333333334	1.6193146047480595	19.91542353046805	713.22295996561	0.8333333333333334
4	gram + motility + oxygen + temperature	6081	36	168.91666666666666	1.0164652551345839	12.504980244522205	1486.5818032945451	0.8333333333333334
4	gram + spore + oxygen + temperature	3250	36	90.27777777777777	0.4821214732817478	8.986321318743745	786.9865590515067	0.7222222222222222
4	shape + motility + spore + oxygen	2647	36	73.52777777777777	2.2181126302892293	16.2859341773935	671.9210525769354	0.9166666666666666
4	shape + motility + spore + temperature	3097	36	86.02777777777777	0.18803166343516947	7.664801499538763	1065.9812405371329	0.6388888888888888
4	shape + motility + oxygen + temperature	5789	54	107.20370370370371	0.18536809204500465	6.250820361713259	1861.7913474003728	0.6111111111111112
4	shape + spore + oxygen + temperature	2896	54	53.629629629629626	0.050896823397303524	4.310337577316562	1201.5873626890518	0.5185185185185185
4	motility + spore + oxygen + temperature	2913	36	80.91666666666667	0.3901816952074	9.074043329888422	815.7696832158273	0.6666666666666666
5	gram + shape + motility + spore + oxygen	2595	72	36.041666666666664	0.9071108894689749	8.224961921565358	372.7747802698425	0.7638888888888888
5	gram + shape + motility + spore + temperature	3030	72	42.083333333333336	0.08414943431702793	3.767627758709336	567.7222700062899	0.5138888888888888
5	gram + shape + motility + oxygen + temperature	5634	108	52.166666666666664	0.061790838593613534	2.983440434891219	1161.231846629008	0.5
5	gram + shape + spore + oxygen + temperature	2836	108	26.25925925925926	0.02166627985541509	2.0632942517727955	657.1730847524873	0.4166666666666667
5	gram + motility + spore + oxygen + temperature	2857	72	39.68055555555556	0.17247332013963929	4.274069890048826	434.24181104661943	0.5833333333333334
5	shape + motility + spore + oxygen + temperature	2632	108	24.37037037037037	0.01997409509475754	1.9217743040479078	624.3592991963795	0.4074074074074074
6	gram + shape + motility + spore + oxygen + temperature	2580	216	11.944444444444445	0.008332044857526387	0.8341272903531275	346.73440365180176	0.3194444444444444
