trait	split	model	panel_n	train_n	test_n	min_train_classes	min_test_classes	valid_repeats	ba_mean	ba_p025	ba_p975	f1_mean	f1_p025	f1_p975
gram	family	prevalence	5634	4484.0	1150.0	2	2	20	0.5	0.5	0.5	0.3737793839153769	0.2920698286893862	0.4574966265402507
gram	family	taxonomy	5634	4484.0	1150.0	2	2	20	0.9646876509140029	0.914943270203411	0.9891355034288116	0.9646963440749007	0.9259118497441058	0.9877564223242921
gram	genus	prevalence	5634	4502.5	1131.5	2	2	20	0.5	0.5	0.5	0.38534245633830466	0.33825108310610197	0.42110075930792606
gram	genus	taxonomy	5634	4502.5	1131.5	2	2	20	0.978177404870148	0.9691035103823865	0.9849906066187115	0.974817796542049	0.9649717974496214	0.982405969434711
gram	order	prevalence	5634	4422.5	1211.5	2	2	20	0.5	0.5	0.5	0.3909239040878246	0.1573405177753004	0.4923304594247595
gram	order	taxonomy	5634	4422.5	1211.5	2	2	20	0.9500873950145315	0.7972653263317403	0.9907287911876131	0.9525069991922873	0.8358210206587516	0.9884112073181361
gram	within	prevalence	5634	4507.0	1127.0	2	2	20	0.5	0.5	0.5	0.39054297872648436	0.3852494733322585	0.3976950590636205
gram	within	taxonomy	5634	4507.0	1127.0	2	2	20	0.9783099762600369	0.9707313344531102	0.9845873418211886	0.9744841239172247	0.9657488455871721	0.9827955647213654
motility	family	prevalence	5634	4484.0	1150.0	2	2	20	0.5	0.5	0.5	0.37303891268600725	0.319652008897714	0.4236556878599994
motility	family	taxonomy	5634	4484.0	1150.0	2	2	20	0.7662066207895957	0.6122597735428904	0.8749976217661284	0.745757935957274	0.5441113967698341	0.860974712013666
motility	genus	prevalence	5634	4502.5	1131.5	2	2	20	0.5	0.5	0.5	0.37071758114024733	0.34282495355302506	0.39070561244962404
motility	genus	taxonomy	5634	4502.5	1131.5	2	2	20	0.7818827462720273	0.7447341034279088	0.8293257210226014	0.7776462274481106	0.7419382610912706	0.8269064959400889
motility	order	prevalence	5634	4422.5	1211.5	2	2	20	0.5	0.5	0.5	0.332492661971788	0.20439737187431656	0.39887228260869567
motility	order	taxonomy	5634	4422.5	1211.5	2	2	20	0.6056216389906013	0.5213069812049049	0.7535502775765	0.5677661207480043	0.40939167124203507	0.7441183827635999
motility	within	prevalence	5634	4507.0	1127.0	2	2	20	0.5	0.5	0.5	0.3636909339081118	0.35689069513625377	0.3699222579656863
motility	within	taxonomy	5634	4507.0	1127.0	2	2	20	0.819915831492642	0.8003254924655854	0.8330056950652934	0.8163926056349575	0.7980150266771454	0.8289889626219391
oxygen	family	prevalence	5634	4484.0	1150.0	3	3	20	0.3333333333333333	0.3333333333333333	0.3333333333333333	0.2740109823018325	0.23437925170068027	0.3000875915167798
oxygen	family	taxonomy	5634	4484.0	1150.0	3	3	20	0.6934243132143629	0.588500459922445	0.7950484752887932	0.7070381985494096	0.5896168905332444	0.81354661558132
oxygen	genus	prevalence	5634	4502.5	1131.5	3	3	20	0.3333333333333333	0.3333333333333333	0.3333333333333333	0.2732617576801009	0.2554638575865323	0.28606144850732457
oxygen	genus	taxonomy	5634	4502.5	1131.5	3	3	20	0.7765207625776176	0.7049555484142579	0.8186418492705894	0.7600015735874701	0.6463610905974168	0.8080288501707507
oxygen	order	prevalence	5634	4422.5	1211.5	3	3	20	0.3333333333333333	0.3333333333333333	0.3333333333333333	0.2734169750974126	0.221210812625445	0.30666315702547586
oxygen	order	taxonomy	5634	4422.5	1211.5	3	3	20	0.5155353724392718	0.29785775946843807	0.7449719915348662	0.4637648808365441	0.15866290437850167	0.7664461201681949
oxygen	within	prevalence	5634	4507.0	1127.0	3	3	20	0.3333333333333333	0.3333333333333333	0.3333333333333333	0.2733698735788921	0.27068029903254176	0.27772933686657575
oxygen	within	taxonomy	5634	4507.0	1127.0	3	3	20	0.8244235045832383	0.8076420871994537	0.847978573453898	0.807465655413005	0.7900998250161803	0.8248019537191278
shape	family	prevalence	5634	4484.0	1150.0	3	3	20	0.3333333333333333	0.3333333333333333	0.3333333333333333	0.30646483840908906	0.2926977610521914	0.317438725490196
shape	family	taxonomy	5634	4484.0	1150.0	3	3	20	0.5701070374913568	0.4139678514181496	0.6705180270455655	0.42930188502261524	0.307106112829814	0.5249574577628844
shape	genus	prevalence	5634	4502.5	1131.5	3	3	20	0.3333333333333333	0.3333333333333333	0.3333333333333333	0.305914451655998	0.29544633088348615	0.3130125434203608
shape	genus	taxonomy	5634	4502.5	1131.5	3	3	20	0.5997759051638443	0.5301396291671951	0.6758463413508534	0.48452484077415586	0.4240770132551143	0.530746168136578
shape	order	prevalence	5634	4422.5	1211.5	3	3	20	0.3333333333333333	0.3333333333333333	0.3333333333333333	0.30854877076952014	0.28400869306089127	0.3259429500664699
shape	order	taxonomy	5634	4422.5	1211.5	3	3	20	0.4204153181209744	0.31090151420478174	0.5745645747959739	0.3053081359283865	0.11240696912107967	0.47350105313538693
shape	within	prevalence	5634	4507.0	1127.0	3	3	20	0.3333333333333333	0.3333333333333333	0.3333333333333333	0.3057478813690081	0.30086235585481	0.3087268827454719
shape	within	taxonomy	5634	4507.0	1127.0	3	3	20	0.675940320571282	0.6360316946286207	0.7229458376622051	0.5842764777481682	0.5525546206335215	0.6188046537946826
spore	family	prevalence	2580	2048.0	532.0	2	2	20	0.5	0.5	0.5	0.43073579372430515	0.388724992041531	0.47197731347038907
spore	family	taxonomy	2580	2048.0	532.0	2	2	20	0.8968259875038308	0.7371561578426751	0.9518480511396826	0.8692623699116389	0.7182431878757993	0.9372141829081829
spore	genus	prevalence	2580	2064.0	516.0	2	2	20	0.5	0.5	0.5	0.42890355737095315	0.41194886793089924	0.4521670218389391
spore	genus	taxonomy	2580	2064.0	516.0	2	2	20	0.9271354950318781	0.8955643708042231	0.9532183255609239	0.9110414596893133	0.8723493468816694	0.9407373974805988
spore	order	prevalence	2580	2014.0	566.0	2	2	20	0.5	0.5	0.5	0.43713877548797553	0.3638484932965	0.47517440723273857
spore	order	taxonomy	2580	2014.0	566.0	2	2	20	0.728284844295927	0.5064780537785941	0.960929797345422	0.6740940376470738	0.4695432291368356	0.9406956119760714
spore	within	prevalence	2580	2064.0	516.0	2	2	20	0.5	0.5	0.5	0.43086372956438385	0.41988233212421483	0.43796705904689576
spore	within	taxonomy	2580	2064.0	516.0	2	2	20	0.9450465241063126	0.9313597245674577	0.9630753968253968	0.9282453727576053	0.9026661910736103	0.9465485900108798
temperature	family	prevalence	5634	4484.0	1150.0	3	3	20	0.3333333333333333	0.3333333333333333	0.3333333333333333	0.32693244148225387	0.3242963091826364	0.33007814582955625
temperature	family	taxonomy	5634	4484.0	1150.0	3	3	20	0.5685503477721704	0.4272356288965949	0.7275420642183285	0.3584639863231036	0.2627764566472914	0.4753647593936416
temperature	genus	prevalence	5634	4502.5	1131.5	3	3	20	0.3333333333333333	0.3333333333333333	0.3333333333333333	0.3260016407784474	0.32418610585962115	0.327928031296442
temperature	genus	taxonomy	5634	4502.5	1131.5	3	3	20	0.6144809200164504	0.5308541620043018	0.7597926986251476	0.3918029686150139	0.3441184691874553	0.4481927806628378
temperature	order	prevalence	5634	4422.5	1211.5	3	3	20	0.3333333333333333	0.3333333333333333	0.3333333333333333	0.3259121761663589	0.322466837099102	0.32888621258753736
temperature	order	taxonomy	5634	4422.5	1211.5	3	3	20	0.5686524680284779	0.4191980861767744	0.7124901066711434	0.26918930688247744	0.07693646958027271	0.48402412664132044
temperature	within	prevalence	5634	4507.0	1127.0	3	3	20	0.3333333333333333	0.3333333333333333	0.3333333333333333	0.32610109737577286	0.32436570815476773	0.3273990070978677
temperature	within	taxonomy	5634	4507.0	1127.0	3	3	20	0.6997820910059652	0.5858098367070326	0.7667659373368875	0.48689228324436423	0.4541639978625506	0.535378878490889
