order	phylum	N	expected in cell	share gram=positive	share shape=coccus	share motility=yes	share oxygen=anaerobe	share temperature=meso
Tissierellales	Bacillota	20	2.43675	0.9	0.5	0.3	0.95	0.95
Actinomycetales	Actinomycetota	455	1.0740694697587942	0.9758241758241758	0.210989010989011	0.17582417582417584	0.06593406593406594	0.989010989010989
Lachnospirales	Bacillota	43	0.4437345139421686	0.813953488372093	0.046511627906976744	0.27906976744186046	1.0	0.9767441860465116
Peptostreptococcales	Bacillota	28	0.3979591836734694	0.8571428571428571	0.03571428571428571	0.5	1.0	0.9285714285714286
Lactobacillales	Bacillota	305	0.3649928356103468	0.9934426229508196	0.4163934426229508	0.05901639344262295	0.04918032786885246	0.9967213114754099
Coriobacteriales	Actinomycetota	27	0.2853223593964334	0.9629629629629629	0.14814814814814814	0.07407407407407407	1.0	1.0
Oscillospirales	Bacillota	12	0.22916666666666663	0.5	0.25	0.16666666666666666	0.9166666666666666	1.0
Propionibacteriales	Actinomycetota	111	0.11500909236482648	0.963963963963964	0.1891891891891892	0.09009009009009009	0.06306306306306306	1.0
Bacillales	Bacillota	283	0.0797946182161611	0.9823321554770318	0.028268551236749116	0.7879858657243817	0.014134275618374558	0.911660777385159
Bacteroidales	Bacteroidota	102	0.010975283661194992	0.029411764705882353	0.029411764705882353	0.14705882352941177	0.8627450980392157	0.9803921568627451
Acetobacterales	Pseudomonadota	64	0.003868579864501953	0.03125	0.21875	0.296875	0.03125	0.953125
Enterobacterales	Pseudomonadota	451	0.00018534289261333008	0.0022172949002217295	0.011086474501108648	0.7871396895787139	0.022172949002217297	0.9578713968957872
Pseudomonadales	Pseudomonadota	438	0.00013232920541334466	0.00228310502283105	0.0410958904109589	0.7100456621004566	0.0045662100456621	0.9931506849315068
Flavobacteriales	Bacteroidota	410	1.4863252766245981e-06	0.0024390243902439024	0.0024390243902439024	0.25609756097560976	0.0024390243902439024	0.975609756097561
