trait	split	model	nearest_training_rank	n	balanced_accuracy	macro_f1
gram	genus	prevalence	class	98	0.5	0.44
gram	genus	prevalence	none	15	0.5	0.4827586206896552
gram	genus	prevalence	order	5488	0.5	0.3875
gram	genus	prevalence	phylum	33	0.5	0.42105263157894735
gram	genus	taxonomy	class	98	0.9069264069264069	0.874053976867057
gram	genus	taxonomy	none	15	0.5	0.4827586206896552
gram	genus	taxonomy	order	5488	0.9776945724526369	0.9754181685602767
gram	genus	taxonomy	phylum	33	0.8402777777777777	0.7954545454545454
gram	order	prevalence	class	5352	0.5	0.38834285714285716
gram	order	prevalence	none	123	0.5	0.42790697674418604
gram	order	prevalence	phylum	159	0.5	0.37890625
gram	order	taxonomy	class	5352	0.9832513315376676	0.9795969715684256
gram	order	taxonomy	none	123	0.5	0.42790697674418604
gram	order	taxonomy	phylum	159	0.8816927169936815	0.8760920388827365
gram	within	prevalence	class	53	0.5	0.4536082474226804
gram	within	prevalence	genus	4360	0.5	0.38815604827392647
gram	within	prevalence	none	9	0.5	0.47058823529411764
gram	within	prevalence	order	1192	0.5	0.38777606574216744
gram	within	prevalence	phylum	20	0.5	0.4117647058823529
gram	within	taxonomy	class	53	0.898989898989899	0.8515406162464986
gram	within	taxonomy	genus	4360	0.98292834390715	0.9805635849362704
gram	within	taxonomy	none	9	0.5	0.47058823529411764
gram	within	taxonomy	order	1192	0.9580326427932775	0.9543007660891117
gram	within	taxonomy	phylum	20	0.6547619047619048	0.6266666666666667
motility	genus	prevalence	class	98	0.5	0.3287671232876712
motility	genus	prevalence	none	15	0.5	0.2857142857142857
motility	genus	prevalence	order	5488	0.5	0.36584238502426625
motility	genus	prevalence	phylum	33	0.5	0.23255813953488372
motility	genus	taxonomy	class	98	0.6220833333333333	0.6220948410630537
motility	genus	taxonomy	none	15	0.5	0.2857142857142857
motility	genus	taxonomy	order	5488	0.7647017215102541	0.7629102788422274
motility	genus	taxonomy	phylum	33	0.8043478260869565	0.723205964585275
motility	order	prevalence	class	5352	0.5	0.3646723646723647
motility	order	prevalence	none	123	0.5	0.37244897959183676
motility	order	prevalence	phylum	159	0.5	0.3483606557377049
motility	order	taxonomy	class	5352	0.623718475877193	0.6228602015188016
motility	order	taxonomy	none	123	0.5	0.37244897959183676
motility	order	taxonomy	phylum	159	0.7426073131955484	0.7414634146341463
motility	within	prevalence	class	53	0.5	0.345679012345679
motility	within	prevalence	genus	4360	0.5	0.36563363887676414
motility	within	prevalence	none	9	0.5	0.3076923076923077
motility	within	prevalence	order	1192	0.5	0.3622257891920813
motility	within	prevalence	phylum	20	0.5	0.2857142857142857
motility	within	taxonomy	class	53	0.7392857142857143	0.7357549857549857
motility	within	taxonomy	genus	4360	0.8219636881179426	0.8209081108909229
motility	within	taxonomy	none	9	0.5	0.3076923076923077
motility	within	taxonomy	order	1192	0.7192970128063558	0.7182606584476745
motility	within	taxonomy	phylum	20	0.625	0.52
oxygen	genus	prevalence	class	98	0.3333333333333333	0.23399558498896247
oxygen	genus	prevalence	none	15	0.3333333333333333	0.19047619047619047
oxygen	genus	prevalence	order	5488	0.3333333333333333	0.27469466466680953
oxygen	genus	prevalence	phylum	33	0.3333333333333333	0.15503875968992248
oxygen	genus	taxonomy	class	98	0.5281433328048201	0.5290300843404921
oxygen	genus	taxonomy	none	15	0.3333333333333333	0.19047619047619047
oxygen	genus	taxonomy	order	5488	0.7558035707247935	0.7923923219751773
oxygen	genus	taxonomy	phylum	33	0.30303030303030304	0.2948853615520282
oxygen	order	prevalence	class	5352	0.3333333333333333	0.27791094646618725
oxygen	order	prevalence	none	123	0.3333333333333333	0.17269076305220885
oxygen	order	prevalence	phylum	159	0.3333333333333333	0.14959349593495935
oxygen	order	taxonomy	class	5352	0.4967548041166177	0.5361230181149577
oxygen	order	taxonomy	none	123	0.3333333333333333	0.17269076305220885
oxygen	order	taxonomy	phylum	159	0.4051875931193282	0.37604166666666666
oxygen	within	prevalence	class	53	0.3333333333333333	0.2136752136752137
oxygen	within	prevalence	genus	4360	0.3333333333333333	0.2811671087533157
oxygen	within	prevalence	none	9	0.3333333333333333	0.12121212121212122
oxygen	within	prevalence	order	1192	0.3333333333333333	0.2473175021987687
oxygen	within	prevalence	phylum	20	0.3333333333333333	0.13333333333333333
oxygen	within	taxonomy	class	53	0.5155555555555555	0.49260405916752664
oxygen	within	taxonomy	genus	4360	0.7927112049932572	0.8263868810539097
oxygen	within	taxonomy	none	9	0.3333333333333333	0.12121212121212122
oxygen	within	taxonomy	order	1192	0.7361715674134047	0.76672350475604
oxygen	within	taxonomy	phylum	20	0.2714285714285714	0.26495726495726496
shape	genus	prevalence	class	98	0.3333333333333333	0.29333333333333333
shape	genus	prevalence	none	15	0.3333333333333333	0.2962962962962963
shape	genus	prevalence	order	5488	0.3333333333333333	0.3064198503347775
shape	genus	prevalence	phylum	33	0.3333333333333333	0.26666666666666666
shape	genus	taxonomy	class	98	0.5411255411255411	0.5210643015521065
shape	genus	taxonomy	none	15	0.3333333333333333	0.2962962962962963
shape	genus	taxonomy	order	5488	0.41314960431473363	0.4406421578617283
shape	genus	taxonomy	phylum	33	0.49350649350649345	0.4772370486656201
shape	order	prevalence	class	5352	0.3333333333333333	0.30691671708005647
shape	order	prevalence	none	123	0.3333333333333333	0.290519877675841
shape	order	prevalence	phylum	159	0.3333333333333333	0.28399518652226236
shape	order	taxonomy	class	5352	0.3489791056704398	0.33950339926288126
shape	order	taxonomy	none	123	0.3333333333333333	0.290519877675841
shape	order	taxonomy	phylum	159	0.43200161420500405	0.4321557488608794
shape	within	prevalence	class	53	0.3333333333333333	0.2826086956521739
shape	within	prevalence	genus	4360	0.3333333333333333	0.30834976988823143
shape	within	prevalence	none	9	0.3333333333333333	0.2916666666666667
shape	within	prevalence	order	1192	0.3333333333333333	0.2989356779268857
shape	within	prevalence	phylum	20	0.3333333333333333	0.25
shape	within	taxonomy	class	53	0.5662393162393162	0.5471887550200804
shape	within	taxonomy	genus	4360	0.5701122799346156	0.625497696691195
shape	within	taxonomy	none	9	0.3333333333333333	0.2916666666666667
shape	within	taxonomy	order	1192	0.4038925314080113	0.4260803048392216
shape	within	taxonomy	phylum	20	0.4444444444444444	0.4000000000000001
spore	genus	prevalence	class	58	0.5	0.4368932038834951
spore	genus	prevalence	none	8		
spore	genus	prevalence	order	2493	0.5	0.4314709236031927
spore	genus	prevalence	phylum	21	0.5	0.43243243243243246
spore	genus	taxonomy	class	58	0.8726495726495727	0.8094194961664841
spore	genus	taxonomy	none	8		
spore	genus	taxonomy	order	2493	0.9025052502348094	0.9073523962965971
spore	genus	taxonomy	phylum	21	0.8125	0.6971153846153846
spore	order	prevalence	class	2412	0.5	0.429652400094585
spore	order	prevalence	none	66		
spore	order	prevalence	phylum	102	0.5	0.43333333333333335
spore	order	taxonomy	class	2412	0.5581640251037123	0.5603143079181417
spore	order	taxonomy	none	66		
spore	order	taxonomy	phylum	102	0.782051282051282	0.782051282051282
spore	within	prevalence	class	31	0.5	0.45614035087719296
spore	within	prevalence	genus	1674	0.5	0.4317718940936864
spore	within	prevalence	none	8		
spore	within	prevalence	order	852	0.5	0.4308617234468938
spore	within	prevalence	phylum	15	0.5	0.4
spore	within	taxonomy	class	31	0.9423076923076923	0.8540031397174255
spore	within	taxonomy	genus	1674	0.9241176194499202	0.9281195786023992
spore	within	taxonomy	none	8		
spore	within	taxonomy	order	852	0.8627120548253006	0.8651034794737438
spore	within	taxonomy	phylum	15	0.85	0.7963800904977376
temperature	genus	prevalence	class	98	0.5	0.449438202247191
temperature	genus	prevalence	none	15	0.5	0.34782608695652173
temperature	genus	prevalence	order	5488	0.3333333333333333	0.32708372006682757
temperature	genus	prevalence	phylum	33	0.5	0.35294117647058826
temperature	genus	taxonomy	class	98	0.5277777777777778	0.5046089800773119
temperature	genus	taxonomy	none	15	0.5	0.34782608695652173
temperature	genus	taxonomy	order	5488	0.41010446586696364	0.4460211045305595
temperature	genus	taxonomy	phylum	33	0.5	0.35294117647058826
temperature	order	prevalence	class	5352	0.3333333333333333	0.32753540537971676
temperature	order	prevalence	none	123	0.3333333333333333	0.3022222222222222
temperature	order	prevalence	phylum	159	0.5	0.43214285714285716
temperature	order	taxonomy	class	5352	0.3466666666666667	0.3533321629555939
temperature	order	taxonomy	none	123	0.3333333333333333	0.3022222222222222
temperature	order	taxonomy	phylum	159	0.5	0.43214285714285716
temperature	within	prevalence	class	53	0.5	0.43617021276595747
temperature	within	prevalence	genus	4360	0.3333333333333333	0.32868217054263565
temperature	within	prevalence	none	9	0.5	0.3076923076923077
temperature	within	prevalence	order	1192	0.3333333333333333	0.31934731934731936
temperature	within	prevalence	phylum	20	0.5	0.3548387096774194
temperature	within	taxonomy	class	53	0.7083333333333334	0.7547918043621944
temperature	within	taxonomy	genus	4360	0.420355587808418	0.46417518955684667
temperature	within	taxonomy	none	9	0.5	0.3076923076923077
temperature	within	taxonomy	order	1192	0.4014097216651961	0.4314052337788703
temperature	within	taxonomy	phylum	20	0.5	0.3548387096774194
