trait	split	repeat	fold	model	n_train	n_test	test_classes	balanced_accuracy	macro_f1
gram	within	0	0	prevalence	4507	1127	2	0.5	0.389159891598916
gram	within	0	0	taxonomy	4507	1127	2	0.9734916332382126	0.9722487567004865
gram	within	0	1	prevalence	4507	1127	2	0.5	0.3858310626702997
gram	within	0	1	taxonomy	4507	1127	2	0.9746976255005866	0.9707920026418202
gram	within	0	2	prevalence	4507	1127	2	0.5	0.3894907908992416
gram	within	0	2	taxonomy	4507	1127	2	0.9825806539583846	0.9790222688506836
gram	within	0	3	prevalence	4507	1127	2	0.5	0.3976483164083378
gram	within	0	3	taxonomy	4507	1127	2	0.9727550605014178	0.9677103437857324
gram	within	0	4	prevalence	4508	1126	2	0.5	0.3826754385964912
gram	within	0	4	taxonomy	4508	1126	2	0.9749718822804809	0.9736867582500126
gram	within	1	0	prevalence	4507	1127	2	0.5	0.3871669385535617
gram	within	1	0	taxonomy	4507	1127	2	0.97691552727765	0.9761973755019249
gram	within	1	1	prevalence	4507	1127	2	0.5	0.3970037453183521
gram	within	1	1	taxonomy	4507	1127	2	0.9680470472923304	0.9611124529864394
gram	within	1	2	prevalence	4507	1127	2	0.5	0.3783783783783784
gram	within	1	2	taxonomy	4507	1127	2	0.9718172983479105	0.97029226663152
gram	within	1	3	prevalence	4507	1127	2	0.5	0.3931071620893915
gram	within	1	3	taxonomy	4507	1127	2	0.9717625340740486	0.9690650197289414
gram	within	1	4	prevalence	4508	1126	2	0.5	0.3890396093326099
gram	within	1	4	taxonomy	4508	1126	2	0.9829021356985266	0.980880839748836
gram	within	2	0	prevalence	4507	1127	2	0.5	0.38982133188955065
gram	within	2	0	taxonomy	4507	1127	2	0.9801289926289927	0.9770687936191426
gram	within	2	1	prevalence	4507	1127	2	0.5	0.3861655773420479
gram	within	2	1	taxonomy	4507	1127	2	0.9769690446143569	0.9762673888231405
gram	within	2	2	prevalence	4507	1127	2	0.5	0.3834792122538293
gram	within	2	2	taxonomy	4507	1127	2	0.979107646353633	0.973858613171097
gram	within	2	3	prevalence	4507	1127	2	0.5	0.3861655773420479
gram	within	2	3	taxonomy	4507	1127	2	0.9708987656987063	0.9669930957037052
gram	within	2	4	prevalence	4508	1126	2	0.5	0.3991462113127001
gram	within	2	4	taxonomy	4508	1126	2	0.9714123022946552	0.9683451113789625
gram	within	3	0	prevalence	4507	1127	2	0.5	0.3871669385535617
gram	within	3	0	taxonomy	4507	1127	2	0.9756142547718966	0.9725231257876388
gram	within	3	1	prevalence	4507	1127	2	0.5	0.39015151515151514
gram	within	3	1	taxonomy	4507	1127	2	0.9778205557415467	0.9760266833437565
gram	within	3	2	prevalence	4507	1127	2	0.5	0.3894907908992416
gram	within	3	2	taxonomy	4507	1127	2	0.9746976328779078	0.9731918335168346
gram	within	3	3	prevalence	4507	1127	2	0.5	0.391139924365208
gram	within	3	3	taxonomy	4507	1127	2	0.9761217663106809	0.9722199792093961
gram	within	3	4	prevalence	4508	1126	2	0.5	0.38704409363091996
gram	within	3	4	taxonomy	4508	1126	2	0.9722789893752224	0.968746293889807
gram	within	4	0	prevalence	4507	1127	2	0.5	0.384825327510917
gram	within	4	0	taxonomy	4507	1127	2	0.9768041410372761	0.9754466230936819
gram	within	4	1	prevalence	4507	1127	2	0.5	0.3937600860677784
gram	within	4	1	taxonomy	4507	1127	2	0.974363630075396	0.9718866796554111
gram	within	4	2	prevalence	4507	1127	2	0.5	0.38246575342465755
gram	within	4	2	taxonomy	4507	1127	2	0.9748315199604598	0.9701733492126505
gram	within	4	3	prevalence	4507	1127	2	0.5	0.391139924365208
gram	within	4	3	taxonomy	4507	1127	2	0.9723996819434353	0.969298036518174
gram	within	4	4	prevalence	4508	1126	2	0.5	0.3926645091693635
gram	within	4	4	taxonomy	4508	1126	2	0.976900298194268	0.9739288149110508
gram	genus	0	0	prevalence	4507	1127	2	0.5	0.39989350372736954
gram	genus	0	0	taxonomy	4507	1127	2	0.975375031872397	0.9685173545638661
gram	genus	0	1	prevalence	4507	1127	2	0.5	0.40527704485488125
gram	genus	0	1	taxonomy	4507	1127	2	0.986797818012999	0.9817916460222744
gram	genus	0	2	prevalence	4507	1127	2	0.5	0.3861655773420479
gram	genus	0	2	taxonomy	4507	1127	2	0.9643021035085471	0.965672803573846
gram	genus	0	3	prevalence	4507	1127	2	0.5	0.38076923076923075
gram	genus	0	3	taxonomy	4507	1127	2	0.9796699716054555	0.9776116437993325
gram	genus	0	4	prevalence	4508	1126	2	0.5	0.3716517857142857
gram	genus	0	4	taxonomy	4508	1126	2	0.9729501240370806	0.9707297735521668
gram	genus	1	0	prevalence	4507	1127	2	0.5	0.4223475140953357
gram	genus	1	0	taxonomy	4507	1127	2	0.9661455830049024	0.9661455830049024
gram	genus	1	1	prevalence	4507	1127	2	0.5	0.40116896918172157
gram	genus	1	1	taxonomy	4507	1127	2	0.9699636829737236	0.9670949778500919
gram	genus	1	2	prevalence	4507	1127	2	0.5	0.36363636363636365
gram	genus	1	2	taxonomy	4507	1127	2	0.9712732919254659	0.9684713668535712
gram	genus	1	3	prevalence	4507	1127	2	0.5	0.3639954853273138
gram	genus	1	3	taxonomy	4507	1127	2	0.9805976390363151	0.9792137286742446
gram	genus	1	4	prevalence	4508	1126	2	0.5	0.3897018970189702
gram	genus	1	4	taxonomy	4508	1126	2	0.9821978382479077	0.9798940026376048
gram	genus	2	0	prevalence	4507	1127	2	0.5	0.4166666666666667
gram	genus	2	0	taxonomy	4507	1127	2	0.9822981366459628	0.9774028615212752
gram	genus	2	1	prevalence	4507	1127	2	0.5	0.3875
gram	genus	2	1	taxonomy	4507	1127	2	0.9851566152407667	0.9819806401067714
gram	genus	2	2	prevalence	4507	1127	2	0.5	0.38783269961977185
gram	genus	2	2	taxonomy	4507	1127	2	0.961781322698571	0.961781322698571
gram	genus	2	3	prevalence	4507	1127	2	0.5	0.36898096304591266
gram	genus	2	3	taxonomy	4507	1127	2	0.9775170875322621	0.9745698241904185
gram	genus	2	4	prevalence	4508	1126	2	0.5	0.38199780461031835
gram	genus	2	4	taxonomy	4508	1126	2	0.9728414862336274	0.9709558863297296
gram	genus	3	0	prevalence	4507	1127	2	0.5	0.41056485355648537
gram	genus	3	0	taxonomy	4507	1127	2	0.9588464260438783	0.9580903790087464
gram	genus	3	1	prevalence	4507	1127	2	0.5	0.391139924365208
gram	genus	3	1	taxonomy	4507	1127	2	0.976952894726019	0.9740815601658903
gram	genus	3	2	prevalence	4507	1127	2	0.5	0.39146868250539957
gram	genus	3	2	taxonomy	4507	1127	2	0.9806776462515011	0.9769735273886304
gram	genus	3	3	prevalence	4507	1127	2	0.5	0.347045191193511
gram	genus	3	3	taxonomy	4507	1127	2	0.9776236910001518	0.9768707375599899
gram	genus	3	4	prevalence	4508	1126	2	0.5	0.40106382978723404
gram	genus	3	4	taxonomy	4508	1126	2	0.9799991443484213	0.9761055937526526
gram	genus	4	0	prevalence	4507	1127	2	0.5	0.4055907172995781
gram	genus	4	0	taxonomy	4507	1127	2	0.9833600918264307	0.9787114619172907
gram	genus	4	1	prevalence	4507	1127	2	0.5	0.38783269961977185
gram	genus	4	1	taxonomy	4507	1127	2	0.9768788871480796	0.9761496624552939
gram	genus	4	2	prevalence	4507	1127	2	0.5	0.3871669385535617
gram	genus	4	2	taxonomy	4507	1127	2	0.9552355489373223	0.9543216131320296
gram	genus	4	3	prevalence	4507	1127	2	0.5	0.3814489571899012
gram	genus	4	3	taxonomy	4507	1127	2	0.9842975619504397	0.9813430364994438
gram	genus	4	4	prevalence	4508	1126	2	0.5	0.3823368074602304
gram	genus	4	4	taxonomy	4508	1126	2	0.9755211311882761	0.971077177518318
gram	order	0	0	prevalence	4507	1127	2	0.5	0.33549528301886794
gram	order	0	0	taxonomy	4507	1127	2	0.963677394158147	0.9636197724139506
gram	order	0	1	prevalence	4507	1127	2	0.5	0.4633333333333333
gram	order	0	1	taxonomy	4507	1127	2	0.9136924226852284	0.9313490191846815
gram	order	0	2	prevalence	4507	1127	2	0.5	0.3724944320712695
gram	order	0	2	taxonomy	4507	1127	2	0.9706839380943988	0.9671324229914259
gram	order	0	3	prevalence	4507	1127	2	0.5	0.3481781376518219
gram	order	0	3	taxonomy	4507	1127	2	0.9765005537098561	0.9751002114698735
gram	order	0	4	prevalence	4508	1126	2	0.5	0.4073684210526316
gram	order	0	4	taxonomy	4508	1126	2	0.9899246828752643	0.9876582451909903
gram	order	1	0	prevalence	4507	1127	2	0.5	0.3287671232876712
gram	order	1	0	taxonomy	4507	1127	2	0.9617028985507247	0.9618185528379828
gram	order	1	1	prevalence	4507	1127	2	0.5	0.4628217349857007
gram	order	1	1	taxonomy	4507	1127	2	0.9330388972510497	0.9330388972510497
gram	order	1	2	prevalence	4507	1127	2	0.5	0.3738888888888889
gram	order	1	2	taxonomy	4507	1127	2	0.9718467510194998	0.9679754942912837
gram	order	1	3	prevalence	4507	1127	2	0.5	0.3578347578347578
gram	order	1	3	taxonomy	4507	1127	2	0.9858474911606653	0.9847485084042811
gram	order	1	4	prevalence	4508	1126	2	0.5	0.4039174166225516
gram	order	1	4	taxonomy	4508	1126	2	0.9797396098480335	0.9787024202286477
gram	order	2	0	prevalence	4507	1127	2	0.5	0.33549528301886794
gram	order	2	0	taxonomy	4507	1127	2	0.9610411902917146	0.9609582656236222
gram	order	2	1	prevalence	4507	1127	2	0.5	0.46435361216730037
gram	order	2	1	taxonomy	4507	1127	2	0.9315489593995223	0.9427851682238246
gram	order	2	2	prevalence	4507	1127	2	0.5	0.3693340794627868
gram	order	2	2	taxonomy	4507	1127	2	0.9734345597300629	0.9700369553080053
gram	order	2	3	prevalence	4507	1127	2	0.5	0.35229885057471266
gram	order	2	3	taxonomy	4507	1127	2	0.972484940428206	0.971443593495626
gram	order	2	4	prevalence	4508	1126	2	0.5	0.40549102428722283
gram	order	2	4	taxonomy	4508	1126	2	0.9879029911545624	0.9857295457425814
gram	order	3	0	prevalence	4507	1127	2	0.5	0.33627797408716137
gram	order	3	0	taxonomy	4507	1127	2	0.961045874333808	0.9609567901234568
gram	order	3	1	prevalence	4507	1127	2	0.5	0.4620525059665871
gram	order	3	1	taxonomy	4507	1127	2	0.917858906388066	0.922296276840239
gram	order	3	2	prevalence	4507	1127	2	0.5	0.36720943290286356
gram	order	3	2	taxonomy	4507	1127	2	0.9725433339152136	0.9692343514147157
gram	order	3	3	prevalence	4507	1127	2	0.5	0.35856573705179284
gram	order	3	3	taxonomy	4507	1127	2	0.9850771294433266	0.9838421394708672
gram	order	3	4	prevalence	4508	1126	2	0.5	0.4042328042328042
gram	order	3	4	taxonomy	4508	1126	2	0.9872038702959127	0.985791439531597
gram	order	4	0	prevalence	4507	1127	2	0.5	0.32956573468173705
gram	order	4	0	taxonomy	4507	1127	2	0.9608274897461584	0.9609358752166377
gram	order	4	1	prevalence	4507	1127	2	0.5	0.4620525059665871
gram	order	4	1	taxonomy	4507	1127	2	0.930954051665887	0.9320895267161649
gram	order	4	2	prevalence	4507	1127	2	0.5	0.3728436282693378
gram	order	4	2	taxonomy	4507	1127	2	0.9644828374538685	0.9615827884659087
gram	order	4	3	prevalence	4507	1127	2	0.5	0.35636778983438033
gram	order	4	3	taxonomy	4507	1127	2	0.9867939797114746	0.9856689619216561
gram	order	4	4	prevalence	4508	1126	2	0.5	0.40643120716921455
gram	order	4	4	taxonomy	4508	1126	2	0.989289563581228	0.9866999214061485
shape	within	0	0	prevalence	4507	1127	3	0.3333333333333333	0.3052749719416386
shape	within	0	0	taxonomy	4507	1127	3	0.5369193838018382	0.5956622325043378
shape	within	0	1	prevalence	4507	1127	3	0.3333333333333333	0.30510105871029836
shape	within	0	1	taxonomy	4507	1127	3	0.5215822679727711	0.581590973879161
shape	within	0	2	prevalence	4507	1127	3	0.3333333333333333	0.3070049465453965
shape	within	0	2	taxonomy	4507	1127	3	0.5194156271147161	0.5626320117200919
shape	within	0	3	prevalence	4507	1127	3	0.3333333333333333	0.30666027791087686
shape	within	0	3	taxonomy	4507	1127	3	0.575130347485346	0.634309606868057
shape	within	0	4	prevalence	4508	1126	3	0.3333333333333333	0.30576923076923074
shape	within	0	4	taxonomy	4508	1126	3	0.5081727014301931	0.5600586879110315
shape	within	1	0	prevalence	4507	1127	3	0.3333333333333333	0.3063149480415667
shape	within	1	0	taxonomy	4507	1127	3	0.513916792181835	0.5702361845502999
shape	within	1	1	prevalence	4507	1127	3	0.3333333333333333	0.30457831325301205
shape	within	1	1	taxonomy	4507	1127	3	0.5555057157003213	0.6154540863465677
shape	within	1	2	prevalence	4507	1127	3	0.3333333333333333	0.30596895503280525
shape	within	1	2	taxonomy	4507	1127	3	0.5433300915117641	0.6029293015518637
shape	within	1	3	prevalence	4507	1127	3	0.3333333333333333	0.3078637376631646
shape	within	1	3	taxonomy	4507	1127	3	0.5022939054588126	0.5428272629055644
shape	within	1	4	prevalence	4508	1126	3	0.3333333333333333	0.3050738599871548
shape	within	1	4	taxonomy	4508	1126	3	0.5073974469355994	0.5570977329245546
shape	within	2	0	prevalence	4507	1127	3	0.3333333333333333	0.3052749719416386
shape	within	2	0	taxonomy	4507	1127	3	0.5330878945962594	0.6004823073021689
shape	within	2	1	prevalence	4507	1127	3	0.3333333333333333	0.3078637376631646
shape	within	2	1	taxonomy	4507	1127	3	0.509751467054447	0.5615310769649916
shape	within	2	2	prevalence	4507	1127	3	0.3333333333333333	0.30854782332380043
shape	within	2	2	taxonomy	4507	1127	3	0.5265714994087806	0.5779964580231218
shape	within	2	3	prevalence	4507	1127	3	0.3333333333333333	0.3054487179487179
shape	within	2	3	taxonomy	4507	1127	3	0.5441709129667219	0.6012950989963839
shape	within	2	4	prevalence	4508	1126	3	0.3333333333333333	0.3026188166828322
shape	within	2	4	taxonomy	4508	1126	3	0.5457942651338877	0.6045119477563944
shape	within	3	0	prevalence	4507	1127	3	0.3333333333333333	0.3063149480415667
shape	within	3	0	taxonomy	4507	1127	3	0.5316390539015594	0.5914737052635912
shape	within	3	1	prevalence	4507	1127	3	0.3333333333333333	0.3052749719416386
shape	within	3	1	taxonomy	4507	1127	3	0.5245615845497642	0.5679585659702894
shape	within	3	2	prevalence	4507	1127	3	0.3333333333333333	0.30717703349282294
shape	within	3	2	taxonomy	4507	1127	3	0.5395066006846626	0.6016194229945967
shape	within	3	3	prevalence	4507	1127	3	0.3333333333333333	0.30648769574944074
shape	within	3	3	taxonomy	4507	1127	3	0.5563285168081832	0.6214666586276308
shape	within	3	4	prevalence	4508	1126	3	0.3333333333333333	0.30455057083132336
shape	within	3	4	taxonomy	4508	1126	3	0.5331910558803121	0.5846166663602335
shape	within	4	0	prevalence	4507	1127	3	0.3333333333333333	0.3044037287045966
shape	within	4	0	taxonomy	4507	1127	3	0.5013507567757832	0.5610698144613981
shape	within	4	1	prevalence	4507	1127	3	0.3333333333333333	0.30492697801316
shape	within	4	1	taxonomy	4507	1127	3	0.5105194358445133	0.57123233020094
shape	within	4	2	prevalence	4507	1127	3	0.3333333333333333	0.3073489558424996
shape	within	4	2	taxonomy	4507	1127	3	0.5559471853196735	0.6093862540924389
shape	within	4	3	prevalence	4507	1127	3	0.3333333333333333	0.30717703349282294
shape	within	4	3	taxonomy	4507	1127	3	0.5744385742535091	0.6333736726106992
shape	within	4	4	prevalence	4508	1126	3	0.3333333333333333	0.3059426557744674
shape	within	4	4	taxonomy	4508	1126	3	0.5202292521397859	0.5737456987456987
shape	genus	0	0	prevalence	4507	1127	3	0.3333333333333333	0.3078637376631646
shape	genus	0	0	taxonomy	4507	1127	3	0.3698546726140239	0.3779852183756809
shape	genus	0	1	prevalence	4507	1127	3	0.3333333333333333	0.30973871733966746
shape	genus	0	1	taxonomy	4507	1127	3	0.5112961339955205	0.5278254772286896
shape	genus	0	2	prevalence	4507	1127	3	0.3333333333333333	0.29508737223870757
shape	genus	0	2	taxonomy	4507	1127	3	0.4348865035163681	0.4734685637703495
shape	genus	0	3	prevalence	4507	1127	3	0.3333333333333333	0.3044037287045966
shape	genus	0	3	taxonomy	4507	1127	3	0.3735390085611439	0.3806606471951299
shape	genus	0	4	prevalence	4508	1126	3	0.3333333333333333	0.3122442555870318
shape	genus	0	4	taxonomy	4508	1126	3	0.41819743130227005	0.4542864407712348
shape	genus	1	0	prevalence	4507	1127	3	0.3333333333333333	0.30016260162601627
shape	genus	1	0	taxonomy	4507	1127	3	0.4287498495244974	0.46381490449287055
shape	genus	1	1	prevalence	4507	1127	3	0.3333333333333333	0.31075319753671243
shape	genus	1	1	taxonomy	4507	1127	3	0.4202319072371052	0.4354754611869431
shape	genus	1	2	prevalence	4507	1127	3	0.3333333333333333	0.3019417475728155
shape	genus	1	2	taxonomy	4507	1127	3	0.3635146880815643	0.36048265460030166
shape	genus	1	3	prevalence	4507	1127	3	0.3333333333333333	0.30939927088286573
shape	genus	1	3	taxonomy	4507	1127	3	0.40239455860848145	0.4303248157465025
shape	genus	1	4	prevalence	4508	1126	3	0.3333333333333333	0.30732407850646243
shape	genus	1	4	taxonomy	4508	1126	3	0.45569963789199336	0.5105694701286152
shape	genus	2	0	prevalence	4507	1127	3	0.3333333333333333	0.3056222969726093
shape	genus	2	0	taxonomy	4507	1127	3	0.40055478502080444	0.42937087675532365
shape	genus	2	1	prevalence	4507	1127	3	0.3333333333333333	0.31024667931688804
shape	genus	2	1	taxonomy	4507	1127	3	0.422270029790832	0.4660070863863471
shape	genus	2	2	prevalence	4507	1127	3	0.3333333333333333	0.2998046875
shape	genus	2	2	taxonomy	4507	1127	3	0.4150417968232188	0.44336226433413134
shape	genus	2	3	prevalence	4507	1127	3	0.3333333333333333	0.302295505981248
shape	genus	2	3	taxonomy	4507	1127	3	0.38784546953870763	0.40230341424105265
shape	genus	2	4	prevalence	4508	1126	3	0.3333333333333333	0.3115736360769473
shape	genus	2	4	taxonomy	4508	1126	3	0.41349897398924074	0.44556914988168855
shape	genus	3	0	prevalence	4507	1127	3	0.3333333333333333	0.3024721279689772
shape	genus	3	0	taxonomy	4507	1127	3	0.4502318498870223	0.4958159864482748
shape	genus	3	1	prevalence	4507	1127	3	0.3333333333333333	0.3054487179487179
shape	genus	3	1	taxonomy	4507	1127	3	0.4196071990881653	0.4568206503147236
shape	genus	3	2	prevalence	4507	1127	3	0.3333333333333333	0.30140982012639767
shape	genus	3	2	taxonomy	4507	1127	3	0.371211268796074	0.3758401072507446
shape	genus	3	3	prevalence	4507	1127	3	0.3333333333333333	0.3056222969726093
shape	genus	3	3	taxonomy	4507	1127	3	0.37563655856338785	0.3865253795278771
shape	genus	3	4	prevalence	4508	1126	3	0.3333333333333333	0.3145716072545341
shape	genus	3	4	taxonomy	4508	1126	3	0.4324050067379446	0.4818613485280152
shape	genus	4	0	prevalence	4507	1127	3	0.3333333333333333	0.30922930542340626
shape	genus	4	0	taxonomy	4507	1127	3	0.39728885212756176	0.40664551593913784
shape	genus	4	1	prevalence	4507	1127	3	0.3333333333333333	0.31142631993695824
shape	genus	4	1	taxonomy	4507	1127	3	0.407809691980941	0.4436927048221581
shape	genus	4	2	prevalence	4507	1127	3	0.3333333333333333	0.2960039467192896
shape	genus	4	2	taxonomy	4507	1127	3	0.43913497722321254	0.4687928772760796
shape	genus	4	3	prevalence	4507	1127	3	0.3333333333333333	0.3037037037037037
shape	genus	4	3	taxonomy	4507	1127	3	0.41211161537505053	0.4418475744466934
shape	genus	4	4	prevalence	4508	1126	3	0.3333333333333333	0.3090360489121804
shape	genus	4	4	taxonomy	4508	1126	3	0.3915692199638729	0.41446046509215345
shape	order	0	0	prevalence	4507	1127	3	0.3333333333333333	0.2961867192636423
shape	order	0	0	taxonomy	4507	1127	3	0.35242323344432114	0.3375589986902909
shape	order	0	1	prevalence	4507	1127	3	0.3333333333333333	0.3139280125195618
shape	order	0	1	taxonomy	4507	1127	3	0.3591447878586463	0.3619719887955182
shape	order	0	2	prevalence	4507	1127	3	0.3333333333333333	0.30752071383046525
shape	order	0	2	taxonomy	4507	1127	3	0.36162298816049665	0.36590872439929045
shape	order	0	3	prevalence	4507	1127	3	0.3333333333333333	0.2983660130718954
shape	order	0	3	taxonomy	4507	1127	3	0.34246575342465757	0.3164365936102933
shape	order	0	4	prevalence	4508	1126	3	0.3333333333333333	0.3130789762914115
shape	order	0	4	taxonomy	4508	1126	3	0.3617886178861789	0.3645040668433837
shape	order	1	0	prevalence	4507	1127	3	0.3333333333333333	0.29691601049868765
shape	order	1	0	taxonomy	4507	1127	3	0.33681609436557336	0.30492713447819514
shape	order	1	1	prevalence	4507	1127	3	0.3333333333333333	0.31475409836065577
shape	order	1	1	taxonomy	4507	1127	3	0.3333333333333333	0.31475409836065577
shape	order	1	2	prevalence	4507	1127	3	0.3333333333333333	0.30922930542340626
shape	order	1	2	taxonomy	4507	1127	3	0.3244444444444445	0.30489959839357433
shape	order	1	3	prevalence	4507	1127	3	0.3333333333333333	0.2952710495963091
shape	order	1	3	taxonomy	4507	1127	3	0.36714934371184377	0.3575621987086563
shape	order	1	4	prevalence	4508	1126	3	0.3333333333333333	0.31274556027031275
shape	order	1	4	taxonomy	4508	1126	3	0.34831460674157305	0.34170295715648463
shape	order	2	0	prevalence	4507	1127	3	0.3333333333333333	0.2958209937479434
shape	order	2	0	taxonomy	4507	1127	3	0.34939759036144574	0.3270575394795184
shape	order	2	1	prevalence	4507	1127	3	0.3333333333333333	0.3145891908778507
shape	order	2	1	taxonomy	4507	1127	3	0.3710691823899371	0.38327280064568203
shape	order	2	2	prevalence	4507	1127	3	0.3333333333333333	0.3070049465453965
shape	order	2	2	taxonomy	4507	1127	3	0.352112676056338	0.34222517796004825
shape	order	2	3	prevalence	4507	1127	3	0.3333333333333333	0.29764243614931235
shape	order	2	3	taxonomy	4507	1127	3	0.34611004960145136	0.32774867462677176
shape	order	2	4	prevalence	4508	1126	3	0.3333333333333333	0.3139097744360902
shape	order	2	4	taxonomy	4508	1126	3	0.3676326999680293	0.37583200927556143
shape	order	3	0	prevalence	4507	1127	3	0.3333333333333333	0.29508737223870757
shape	order	3	0	taxonomy	4507	1127	3	0.35584426832965227	0.33727556856533053
shape	order	3	1	prevalence	4507	1127	3	0.3333333333333333	0.3145891908778507
shape	order	3	1	taxonomy	4507	1127	3	0.3653510394558353	0.37084967320261436
shape	order	3	2	prevalence	4507	1127	3	0.3333333333333333	0.30837704657447146
shape	order	3	2	taxonomy	4507	1127	3	0.338235294117647	0.3181860087767821
shape	order	3	3	prevalence	4507	1127	3	0.3333333333333333	0.2961867192636423
shape	order	3	3	taxonomy	4507	1127	3	0.3378378378378379	0.3052510347933011
shape	order	3	4	prevalence	4508	1126	3	0.3333333333333333	0.3145716072545341
shape	order	3	4	taxonomy	4508	1126	3	0.38186109679372326	0.4055319077904085
shape	order	4	0	prevalence	4507	1127	3	0.3333333333333333	0.2972795804654212
shape	order	4	0	taxonomy	4507	1127	3	0.33259830944505697	0.29720853858784896
shape	order	4	1	prevalence	4507	1127	3	0.3333333333333333	0.31557632398753893
shape	order	4	1	taxonomy	4507	1127	3	0.375	0.3906860446944835
shape	order	4	2	prevalence	4507	1127	3	0.3333333333333333	0.3056222969726093
shape	order	4	2	taxonomy	4507	1127	3	0.33226327742837175	0.31084037227908795
shape	order	4	3	prevalence	4507	1127	3	0.3333333333333333	0.2936113869579609
shape	order	4	3	taxonomy	4507	1127	3	0.3585985604023936	0.33983481706279534
shape	order	4	4	prevalence	4508	1126	3	0.3333333333333333	0.31654228855721395
shape	order	4	4	taxonomy	4508	1126	3	0.33318364673963885	0.32376045963920175
motility	within	0	0	prevalence	4507	1127	2	0.5	0.3721448467966574
motility	within	0	0	taxonomy	4507	1127	2	0.8073689222861467	0.8071589205397302
motility	within	0	1	prevalence	4507	1127	2	0.5	0.3611111111111111
motility	within	0	1	taxonomy	4507	1127	2	0.7980376766091051	0.7978967323777684
motility	within	0	2	prevalence	4507	1127	2	0.5	0.3647125140924464
motility	within	0	2	taxonomy	4507	1127	2	0.7826684054611026	0.7802486894259046
motility	within	0	3	prevalence	4507	1127	2	0.5	0.36507042253521127
motility	within	0	3	taxonomy	4507	1127	2	0.8133714786463568	0.8119738193018481
motility	within	0	4	prevalence	4508	1126	2	0.5	0.35876993166287013
motility	within	0	4	taxonomy	4508	1126	2	0.7860247055811572	0.7857768654234774
motility	within	1	0	prevalence	4507	1127	2	0.5	0.36074872376630746
motility	within	1	0	taxonomy	4507	1127	2	0.779477129206215	0.780171344677647
motility	within	1	1	prevalence	4507	1127	2	0.5	0.3738888888888889
motility	within	1	1	taxonomy	4507	1127	2	0.8094730020750012	0.8050878962442862
motility	within	1	2	prevalence	4507	1127	2	0.5	0.3592950540079591
motility	within	1	2	taxonomy	4507	1127	2	0.8178909346630866	0.8162207180942669
motility	within	1	3	prevalence	4507	1127	2	0.5	0.3647125140924464
motility	within	1	3	taxonomy	4507	1127	2	0.7793405461102525	0.7804317686670628
motility	within	1	4	prevalence	4508	1126	2	0.5	0.36312217194570134
motility	within	1	4	taxonomy	4508	1126	2	0.7768530676347158	0.7759851110255422
motility	within	2	0	prevalence	4507	1127	2	0.5	0.3603859250851305
motility	within	2	0	taxonomy	4507	1127	2	0.7981451251520388	0.7963477298689307
motility	within	2	1	prevalence	4507	1127	2	0.5	0.37109375
motility	within	2	1	taxonomy	4507	1127	2	0.7966165413533834	0.7936618292652435
motility	within	2	2	prevalence	4507	1127	2	0.5	0.35710211066742725
motility	within	2	2	taxonomy	4507	1127	2	0.8159352222073425	0.8158721278211727
motility	within	2	3	prevalence	4507	1127	2	0.5	0.37109375
motility	within	2	3	taxonomy	4507	1127	2	0.7828776486671223	0.7811480503340065
motility	within	2	4	prevalence	4508	1126	2	0.5	0.3620396600566572
motility	within	2	4	taxonomy	4508	1126	2	0.77018602603529	0.7697158682152077
motility	within	3	0	prevalence	4507	1127	2	0.5	0.3603859250851305
motility	within	3	0	taxonomy	4507	1127	2	0.791717879777223	0.7900280898876404
motility	within	3	1	prevalence	4507	1127	2	0.5	0.36074872376630746
motility	within	3	1	taxonomy	4507	1127	2	0.7833711204191165	0.7829028403345896
motility	within	3	2	prevalence	4507	1127	2	0.5	0.36219581211092244
motility	within	3	2	taxonomy	4507	1127	2	0.795857931211499	0.7946586114307633
motility	within	3	3	prevalence	4507	1127	2	0.5	0.3647125140924464
motility	within	3	3	taxonomy	4507	1127	2	0.7837760819165378	0.7844503463252721
motility	within	3	4	prevalence	4508	1126	2	0.5	0.37374860956618466
motility	within	3	4	taxonomy	4508	1126	2	0.8112380690161527	0.8080332787779596
motility	within	4	0	prevalence	4507	1127	2	0.5	0.36968680089485456
motility	within	4	0	taxonomy	4507	1127	2	0.8123291540324518	0.8124278951346621
motility	within	4	1	prevalence	4507	1127	2	0.5	0.3578347578347578
motility	within	4	1	taxonomy	4507	1127	2	0.7753516587314757	0.7766639147698235
motility	within	4	2	prevalence	4507	1127	2	0.5	0.3721448467966574
motility	within	4	2	taxonomy	4507	1127	2	0.792137946329563	0.7846087535754869
motility	within	4	3	prevalence	4507	1127	2	0.5	0.36542792792792794
motility	within	4	3	taxonomy	4507	1127	2	0.7920489198058165	0.7903807178224171
motility	within	4	4	prevalence	4508	1126	2	0.5	0.3565714285714286
motility	within	4	4	taxonomy	4508	1126	2	0.7787376136479722	0.7788455089820359
motility	genus	0	0	prevalence	4507	1127	2	0.5	0.3526708788052843
motility	genus	0	0	taxonomy	4507	1127	2	0.7600259697379532	0.7558594134639092
motility	genus	0	1	prevalence	4507	1127	2	0.5	0.36542792792792794
motility	genus	0	1	taxonomy	4507	1127	2	0.7538407978802277	0.7551684110864687
motility	genus	0	2	prevalence	4507	1127	2	0.5	0.36147308781869686
motility	genus	0	2	taxonomy	4507	1127	2	0.7675458840574136	0.7677360117078647
motility	genus	0	3	prevalence	4507	1127	2	0.5	0.3707426018983808
motility	genus	0	3	taxonomy	4507	1127	2	0.7905097712664915	0.7838511699271193
motility	genus	0	4	prevalence	4508	1126	2	0.5	0.3713009491903964
motility	genus	0	4	taxonomy	4508	1126	2	0.7274623652406504	0.7289646917521531
motility	genus	1	0	prevalence	4507	1127	2	0.5	0.3307600950118765
motility	genus	1	0	taxonomy	4507	1127	2	0.7510866483983747	0.748446556503582
motility	genus	1	1	prevalence	4507	1127	2	0.5	0.36649803260258573
motility	genus	1	1	taxonomy	4507	1127	2	0.7464417177914111	0.7483883058470765
motility	genus	1	2	prevalence	4507	1127	2	0.5	0.36898096304591266
motility	genus	1	2	taxonomy	4507	1127	2	0.7484485039492627	0.7490524392780985
motility	genus	1	3	prevalence	4507	1127	2	0.5	0.3714445064138316
motility	genus	1	3	taxonomy	4507	1127	2	0.7918563900125722	0.7895424836601307
motility	genus	1	4	prevalence	4508	1126	2	0.5	0.38199780461031835
motility	genus	1	4	taxonomy	4508	1126	2	0.748062015503876	0.7511235541147867
motility	genus	2	0	prevalence	4507	1127	2	0.5	0.3530424799081516
motility	genus	2	0	taxonomy	4507	1127	2	0.7519229547764228	0.74926471052316
motility	genus	2	1	prevalence	4507	1127	2	0.5	0.35192639447958596
motility	genus	2	1	taxonomy	4507	1127	2	0.7541976013706453	0.7537009938997739
motility	genus	2	2	prevalence	4507	1127	2	0.5	0.36649803260258573
motility	genus	2	2	taxonomy	4507	1127	2	0.8067274782047142	0.8040745859119951
motility	genus	2	3	prevalence	4507	1127	2	0.5	0.38076923076923075
motility	genus	2	3	taxonomy	4507	1127	2	0.766419959968347	0.751094680238141
motility	genus	2	4	prevalence	4508	1126	2	0.5	0.3688340807174888
motility	genus	2	4	taxonomy	4508	1126	2	0.7357149351830203	0.7390800602479435
motility	genus	3	0	prevalence	4507	1127	2	0.5	0.34968263127524524
motility	genus	3	0	taxonomy	4507	1127	2	0.729013448369789	0.72493323507552
motility	genus	3	1	prevalence	4507	1127	2	0.5	0.36898096304591266
motility	genus	3	1	taxonomy	4507	1127	2	0.7599833988301363	0.756771631874828
motility	genus	3	2	prevalence	4507	1127	2	0.5	0.36147308781869686
motility	genus	3	2	taxonomy	4507	1127	2	0.7913020622984659	0.7896985645933015
motility	genus	3	3	prevalence	4507	1127	2	0.5	0.37769188293760353
motility	genus	3	3	taxonomy	4507	1127	2	0.7979518962945362	0.7952867363570311
motility	genus	3	4	prevalence	4508	1126	2	0.5	0.3634821933295647
motility	genus	3	4	taxonomy	4508	1126	2	0.7433742582163706	0.7446612761105065
motility	genus	4	0	prevalence	4507	1127	2	0.5	0.35229885057471266
motility	genus	4	0	taxonomy	4507	1127	2	0.7472705517928666	0.7460798690852171
motility	genus	4	1	prevalence	4507	1127	2	0.5	0.3738888888888889
motility	genus	4	1	taxonomy	4507	1127	2	0.767622781810684	0.767622781810684
motility	genus	4	2	prevalence	4507	1127	2	0.5	0.36968680089485456
motility	genus	4	2	taxonomy	4507	1127	2	0.7840247251855363	0.7807971014492754
motility	genus	4	3	prevalence	4507	1127	2	0.5	0.34438627108784176
motility	genus	4	3	taxonomy	4507	1127	2	0.754979161404395	0.7540838455618286
motility	genus	4	4	prevalence	4508	1126	2	0.5	0.3802971931755641
motility	genus	4	4	taxonomy	4508	1126	2	0.7559575494452484	0.7517089305402426
motility	order	0	0	prevalence	4507	1127	2	0.5	0.3976483164083378
motility	order	0	0	taxonomy	4507	1127	2	0.585037129060333	0.5728480932003075
motility	order	0	1	prevalence	4507	1127	2	0.5	0.30646153846153845
motility	order	0	1	taxonomy	4507	1127	2	0.6881101512568557	0.6759588578702795
motility	order	0	2	prevalence	4507	1127	2	0.5	0.28033205619412516
motility	order	0	2	taxonomy	4507	1127	2	0.5558467314721619	0.5397758194296673
motility	order	0	3	prevalence	4507	1127	2	0.5	0.4356534802203305
motility	order	0	3	taxonomy	4507	1127	2	0.5347913591842212	0.5031080199956531
motility	order	0	4	prevalence	4508	1126	2	0.5	0.37617728531855954
motility	order	0	4	taxonomy	4508	1126	2	0.7841179784720917	0.7834615384615384
motility	order	1	0	prevalence	4507	1127	2	0.5	0.3970037453183521
motility	order	1	0	taxonomy	4507	1127	2	0.5888997794658172	0.5764270474314788
motility	order	1	1	prevalence	4507	1127	2	0.5	0.29738154613466333
motility	order	1	1	taxonomy	4507	1127	2	0.6711965811965812	0.6548314992445554
motility	order	1	2	prevalence	4507	1127	2	0.5	0.2761721258831085
motility	order	1	2	taxonomy	4507	1127	2	0.5510526842614527	0.5331961096777458
motility	order	1	3	prevalence	4507	1127	2	0.5	0.44124938026772437
motility	order	1	3	taxonomy	4507	1127	2	0.5113947755179443	0.48594720561282456
motility	order	1	4	prevalence	4508	1126	2	0.5	0.3802971931755641
motility	order	1	4	taxonomy	4508	1126	2	0.7827303424987939	0.7827303424987939
motility	order	2	0	prevalence	4507	1127	2	0.5	0.3976483164083378
motility	order	2	0	taxonomy	4507	1127	2	0.5855547600999467	0.5718225348975835
motility	order	2	1	prevalence	4507	1127	2	0.5	0.30773955773955775
motility	order	2	1	taxonomy	4507	1127	2	0.6687806495634928	0.6601554349888553
motility	order	2	2	prevalence	4507	1127	2	0.5	0.2700777202072539
motility	order	2	2	taxonomy	4507	1127	2	0.5515300435707772	0.5326851096454194
motility	order	2	3	prevalence	4507	1127	2	0.5	0.4370629370629371
motility	order	2	3	taxonomy	4507	1127	2	0.5193333333333333	0.4927664079040226
motility	order	2	4	prevalence	4508	1126	2	0.5	0.38097855964815835
motility	order	2	4	taxonomy	4508	1126	2	0.7781693543818256	0.7799473433027106
motility	order	3	0	prevalence	4507	1127	2	0.5	0.3989333333333333
motility	order	3	0	taxonomy	4507	1127	2	0.5923235929056199	0.5770517862995739
motility	order	3	1	prevalence	4507	1127	2	0.5	0.29912935323383083
motility	order	3	1	taxonomy	4507	1127	2	0.6736031101356179	0.6583754103045998
motility	order	3	2	prevalence	4507	1127	2	0.5	0.2724338282763073
motility	order	3	2	taxonomy	4507	1127	2	0.5479983866088535	0.5303452362843525
motility	order	3	3	prevalence	4507	1127	2	0.5	0.44124938026772437
motility	order	3	3	taxonomy	4507	1127	2	0.4932679087849049	0.46844695265747893
motility	order	3	4	prevalence	4508	1126	2	0.5	0.37961432506887055
motility	order	3	4	taxonomy	4508	1126	2	0.7847442484547964	0.785922990714057
motility	order	4	0	prevalence	4507	1127	2	0.5	0.39603429796355843
motility	order	4	0	taxonomy	4507	1127	2	0.5742784202670088	0.5643423476773259
motility	order	4	1	prevalence	4507	1127	2	0.5	0.2982565379825654
motility	order	4	1	taxonomy	4507	1127	2	0.6686287017706642	0.6530568539964554
motility	order	4	2	prevalence	4507	1127	2	0.5	0.2761721258831085
motility	order	4	2	taxonomy	4507	1127	2	0.5549114143672216	0.5381030597647893
motility	order	4	3	prevalence	4507	1127	2	0.5	0.441802872709262
motility	order	4	3	taxonomy	4507	1127	2	0.5221591451197405	0.48787212725842044
motility	order	4	4	prevalence	4508	1126	2	0.5	0.3799559471365639
motility	order	4	4	taxonomy	4508	1126	2	0.7790519877675841	0.7796376567190904
spore	within	0	0	prevalence	2064	516	2	0.5	0.4348302300109529
spore	within	0	0	taxonomy	2064	516	2	0.8836335541773384	0.8870445019888411
spore	within	0	1	prevalence	2064	516	2	0.5	0.42730299667036625
spore	within	0	1	taxonomy	2064	516	2	0.9155546743333003	0.9134706439393939
spore	within	0	2	prevalence	2064	516	2	0.5	0.43234323432343236
spore	within	0	2	taxonomy	2064	516	2	0.8533792589834295	0.8729307467097163
spore	within	0	3	prevalence	2064	516	2	0.5	0.42920353982300885
spore	within	0	3	taxonomy	2064	516	2	0.9533666237113403	0.9395170743142924
spore	within	0	4	prevalence	2064	516	2	0.5	0.43544857768052514
spore	within	0	4	taxonomy	2064	516	2	0.9078655991823525	0.9090845991617502
spore	within	1	0	prevalence	2064	516	2	0.5	0.432967032967033
spore	within	1	0	taxonomy	2064	516	2	0.9137263876175419	0.8989632232960965
spore	within	1	1	prevalence	2064	516	2	0.5	0.4403470715835141
spore	within	1	1	taxonomy	2064	516	2	0.9418495297805642	0.9346385790995456
spore	within	1	2	prevalence	2064	516	2	0.5	0.4310915104740904
spore	within	1	2	taxonomy	2064	516	2	0.8809820971867008	0.8872846800366148
spore	within	1	3	prevalence	2064	516	2	0.5	0.4208754208754209
spore	within	1	3	taxonomy	2064	516	2	0.924595744680851	0.9264817629179332
spore	within	1	4	prevalence	2064	516	2	0.5	0.433589462129528
spore	within	1	4	taxonomy	2064	516	2	0.8872371586986086	0.8974469159410636
spore	within	2	0	prevalence	2064	516	2	0.5	0.417607223476298
spore	within	2	0	taxonomy	2064	516	2	0.9105146242132544	0.9174135723431498
spore	within	2	1	prevalence	2064	516	2	0.5	0.432967032967033
spore	within	2	1	taxonomy	2064	516	2	0.9169509861030207	0.9146031154968037
spore	within	2	2	prevalence	2064	516	2	0.5	0.4360655737704918
spore	within	2	2	taxonomy	2064	516	2	0.9078144078144078	0.9041477589363904
spore	within	2	3	prevalence	2064	516	2	0.5	0.4304635761589404
spore	within	2	3	taxonomy	2064	516	2	0.9083028083028083	0.9018087855297157
spore	within	2	4	prevalence	2064	516	2	0.5	0.44155844155844154
spore	within	2	4	taxonomy	2064	516	2	0.8877995642701525	0.8931431201104464
spore	within	3	0	prevalence	2064	516	2	0.5	0.42730299667036625
spore	within	3	0	taxonomy	2064	516	2	0.9246455834242093	0.9300514622819129
spore	within	3	1	prevalence	2064	516	2	0.5	0.4348302300109529
spore	within	3	1	taxonomy	2064	516	2	0.9264864636030735	0.9239898989898989
spore	within	3	2	prevalence	2064	516	2	0.5	0.43790849673202614
spore	within	3	2	taxonomy	2064	516	2	0.9124770882429956	0.9035745748685229
spore	within	3	3	prevalence	2064	516	2	0.5	0.43234323432343236
spore	within	3	3	taxonomy	2064	516	2	0.8998634642834978	0.9009828073541997
spore	within	3	4	prevalence	2064	516	2	0.5	0.4266666666666667
spore	within	3	4	taxonomy	2064	516	2	0.8792613636363635	0.8840200392593666
spore	within	4	0	prevalence	2064	516	2	0.5	0.4366812227074236
spore	within	4	0	taxonomy	2064	516	2	0.9207758620689654	0.9082330787739303
spore	within	4	1	prevalence	2064	516	2	0.5	0.42602892102335926
spore	within	4	1	taxonomy	2064	516	2	0.9225642435069397	0.9174323937720323
spore	within	4	2	prevalence	2064	516	2	0.5	0.4372955288985823
spore	within	4	2	taxonomy	2064	516	2	0.8880732950233112	0.8774844745075899
spore	within	4	3	prevalence	2064	516	2	0.5	0.4360655737704918
spore	within	4	3	taxonomy	2064	516	2	0.9019985862091126	0.9144713578500707
spore	within	4	4	prevalence	2064	516	2	0.5	0.4228187919463087
spore	within	4	4	taxonomy	2064	516	2	0.9192546583850931	0.9290916586505429
spore	genus	0	0	prevalence	2064	516	2	0.5	0.43171806167400884
spore	genus	0	0	taxonomy	2064	516	2	0.8785796576695194	0.8925545262820684
spore	genus	0	1	prevalence	2064	516	2	0.5	0.44930629669156885
spore	genus	0	1	taxonomy	2064	516	2	0.9125765720715089	0.907587987179408
spore	genus	0	2	prevalence	2064	516	2	0.5	0.432967032967033
spore	genus	0	2	taxonomy	2064	516	2	0.9106058084380462	0.9026072406915233
spore	genus	0	3	prevalence	2064	516	2	0.5	0.4360655737704918
spore	genus	0	3	taxonomy	2064	516	2	0.8731122678491099	0.8834861627426683
spore	genus	0	4	prevalence	2064	516	2	0.5	0.40757749712973596
spore	genus	0	4	taxonomy	2064	516	2	0.9221415449217041	0.9192895253654043
spore	genus	1	0	prevalence	2064	516	2	0.5	0.4208754208754209
spore	genus	1	0	taxonomy	2064	516	2	0.8952907801418439	0.8875300861193427
spore	genus	1	1	prevalence	2064	516	2	0.5	0.44694533762057875
spore	genus	1	1	taxonomy	2064	516	2	0.807644793256304	0.8355989804587935
spore	genus	1	2	prevalence	2064	516	2	0.5	0.44216216216216214
spore	genus	1	2	taxonomy	2064	516	2	0.9017891826428719	0.8909576242909576
spore	genus	1	3	prevalence	2064	516	2	0.5	0.4445640473627557
spore	genus	1	3	taxonomy	2064	516	2	0.8982110533863044	0.8416368286445013
spore	genus	1	4	prevalence	2064	516	2	0.5	0.4020857473928158
spore	genus	1	4	taxonomy	2064	516	2	0.9383302354927272	0.9403327694383177
spore	genus	2	0	prevalence	2064	516	2	0.5	0.42538975501113585
spore	genus	2	0	taxonomy	2064	516	2	0.8782527154801907	0.8639752956240114
spore	genus	2	1	prevalence	2064	516	2	0.5	0.45222929936305734
spore	genus	2	1	taxonomy	2064	516	2	0.9180751173708921	0.9162506248742137
spore	genus	2	2	prevalence	2064	516	2	0.5	0.4409534127843987
spore	genus	2	2	taxonomy	2064	516	2	0.8568176182855082	0.8768937134677324
spore	genus	2	3	prevalence	2064	516	2	0.5	0.41496598639455784
spore	genus	2	3	taxonomy	2064	516	2	0.9049726775956284	0.9155344573579964
spore	genus	2	4	prevalence	2064	516	2	0.5	0.42410714285714285
spore	genus	2	4	taxonomy	2064	516	2	0.9471749226006192	0.9409194130107055
spore	genus	3	0	prevalence	2064	516	2	0.5	0.44694533762057875
spore	genus	3	0	taxonomy	2064	516	2	0.8959014606496621	0.906842390323163
spore	genus	3	1	prevalence	2064	516	2	0.5	0.43171806167400884
spore	genus	3	1	taxonomy	2064	516	2	0.8689927583936801	0.8619728972670149
spore	genus	3	2	prevalence	2064	516	2	0.5	0.4013921113689095
spore	genus	3	2	taxonomy	2064	516	2	0.9196021761305679	0.9189750075329647
spore	genus	3	3	prevalence	2064	516	2	0.5	0.44989339019189767
spore	genus	3	3	taxonomy	2064	516	2	0.9017343954825048	0.8307050780009737
spore	genus	3	4	prevalence	2064	516	2	0.5	0.4266666666666667
spore	genus	3	4	taxonomy	2064	516	2	0.873342803030303	0.8926520762253474
spore	genus	4	0	prevalence	2064	516	2	0.5	0.41694915254237286
spore	genus	4	0	taxonomy	2064	516	2	0.9286820419224601	0.922610904827047
spore	genus	4	1	prevalence	2064	516	2	0.5	0.43973941368078173
spore	genus	4	1	taxonomy	2064	516	2	0.8819486152819487	0.8844603672189879
spore	genus	4	2	prevalence	2064	516	2	0.5	0.451063829787234
spore	genus	4	2	taxonomy	2064	516	2	0.8797682526661198	0.8781582054309327
spore	genus	4	3	prevalence	2064	516	2	0.5	0.4360655737704918
spore	genus	4	3	taxonomy	2064	516	2	0.8736263736263736	0.879338941850158
spore	genus	4	4	prevalence	2064	516	2	0.5	0.41363636363636364
spore	genus	4	4	taxonomy	2064	516	2	0.9100636205899364	0.9229390681003584
spore	order	0	0	prevalence	2064	516	2	0.5	0.23099850968703428
spore	order	0	0	taxonomy	2064	516	2	0.48250379769457596	0.23974429223744292
spore	order	0	1	prevalence	2064	516	2	0.5	0.4669421487603306
spore	order	0	1	taxonomy	2064	516	2	0.9019634955752213	0.8814338235294117
spore	order	0	2	prevalence	2064	516	2	0.5	0.47560975609756095
spore	order	0	2	taxonomy	2064	516	2	0.8632478632478633	0.8666741560411166
spore	order	0	3	prevalence	2064	516	2	0.5	0.4372955288985823
spore	order	0	3	taxonomy	2064	516	2	0.6135856012143555	0.6320712757771079
spore	order	0	4	prevalence	2064	516	2	0.5	0.48451548451548454
spore	order	0	4	taxonomy	2064	516	2	0.7533754572663784	0.5173004530802696
spore	order	1	0	prevalence	2064	516	2	0.5	0.21699544764795145
spore	order	1	0	taxonomy	2064	516	2	0.5130579875888187	0.2865761689291101
spore	order	1	1	prevalence	2064	516	2	0.5	0.4696813977389517
spore	order	1	1	taxonomy	2064	516	2	0.9092274598523904	0.8732197473545085
spore	order	1	2	prevalence	2064	516	2	0.5	0.4713114754098361
spore	order	1	2	taxonomy	2064	516	2	0.5614130434782609	0.5835485537190083
spore	order	1	3	prevalence	2064	516	2	0.5	0.4533898305084746
spore	order	1	3	taxonomy	2064	516	2	0.4983538657604078	0.4734427885829755
spore	order	1	4	prevalence	2064	516	2	0.5	0.4782608695652174
spore	order	1	4	taxonomy	2064	516	2	0.7959830866807611	0.5613137429782973
spore	order	2	0	prevalence	2064	516	2	0.5	0.20980091883614088
spore	order	2	0	taxonomy	2064	516	2	0.4738844057546752	0.2669518261172509
spore	order	2	1	prevalence	2064	516	2	0.5	0.4723926380368098
spore	order	2	1	taxonomy	2064	516	2	0.8825156325156325	0.8455243987625986
spore	order	2	2	prevalence	2064	516	2	0.5	0.4814070351758794
spore	order	2	2	taxonomy	2064	516	2	0.49373695198329853	0.4782608695652174
spore	order	2	3	prevalence	2064	516	2	0.5	0.44155844155844154
spore	order	2	3	taxonomy	2064	516	2	0.5649509803921569	0.5687370155455261
spore	order	2	4	prevalence	2064	516	2	0.5	0.479313824419778
spore	order	2	4	taxonomy	2064	516	2	0.7403337612323492	0.5439905734485467
spore	order	3	0	prevalence	2064	516	2	0.5	0.2146118721461187
spore	order	3	0	taxonomy	2064	516	2	0.48504964539007095	0.2844326686189746
spore	order	3	1	prevalence	2064	516	2	0.5	0.4707692307692308
spore	order	3	1	taxonomy	2064	516	2	0.9047700951725719	0.8626799557032115
spore	order	3	2	prevalence	2064	516	2	0.5	0.4740061162079511
spore	order	3	2	taxonomy	2064	516	2	0.5447185325743201	0.5576131687242798
spore	order	3	3	prevalence	2064	516	2	0.5	0.44871794871794873
spore	order	3	3	taxonomy	2064	516	2	0.527827380952381	0.5178488809862924
spore	order	3	4	prevalence	2064	516	2	0.5	0.4798387096774194
spore	order	3	4	taxonomy	2064	516	2	0.7986344537815127	0.5592989090440303
spore	order	4	0	prevalence	2064	516	2	0.5	0.2085889570552147
spore	order	4	0	taxonomy	2064	516	2	0.4671826625386997	0.20481668637780884
spore	order	4	1	prevalence	2064	516	2	0.5	0.4707692307692308
spore	order	4	1	taxonomy	2064	516	2	0.908038069028781	0.8734363502575423
spore	order	4	2	prevalence	2064	516	2	0.5	0.4718526100307062
spore	order	4	2	taxonomy	2064	516	2	0.5636363636363636	0.5881609577652145
spore	order	4	3	prevalence	2064	516	2	0.5	0.4475374732334047
spore	order	4	3	taxonomy	2064	516	2	0.690679621130749	0.7150466603753801
spore	order	4	4	prevalence	2064	516	2	0.5	0.48554336989032904
spore	order	4	4	taxonomy	2064	516	2	0.7626566593499964	0.5114847958884656
oxygen	within	0	0	prevalence	4507	1127	3	0.3333333333333333	0.2712280701754386
oxygen	within	0	0	taxonomy	4507	1127	3	0.7736266064038925	0.8082084383159652
oxygen	within	0	1	prevalence	4507	1127	3	0.3333333333333333	0.27039381153305203
oxygen	within	0	1	taxonomy	4507	1127	3	0.7531761209034978	0.7936967082237185
oxygen	within	0	2	prevalence	4507	1127	3	0.3333333333333333	0.27616077616077617
oxygen	within	0	2	taxonomy	4507	1127	3	0.7898651171588061	0.8260436546164843
oxygen	within	0	3	prevalence	4507	1127	3	0.3333333333333333	0.2691358024691358
oxygen	within	0	3	taxonomy	4507	1127	3	0.7610703192267064	0.7906296085127785
oxygen	within	0	4	prevalence	4508	1126	3	0.3333333333333333	0.27952552862300156
oxygen	within	0	4	taxonomy	4508	1126	3	0.7823804208781874	0.8190438047370244
oxygen	within	1	0	prevalence	4507	1127	3	0.3333333333333333	0.27185146260290766
oxygen	within	1	0	taxonomy	4507	1127	3	0.7554026836450441	0.7909910457161317
oxygen	within	1	1	prevalence	4507	1127	3	0.3333333333333333	0.27185146260290766
oxygen	within	1	1	taxonomy	4507	1127	3	0.7805948058267189	0.8045053510144311
oxygen	within	1	2	prevalence	4507	1127	3	0.3333333333333333	0.269765803838704
oxygen	within	1	2	taxonomy	4507	1127	3	0.7783550938683167	0.8133640552995391
oxygen	within	1	3	prevalence	4507	1127	3	0.3333333333333333	0.27473482872543903
oxygen	within	1	3	taxonomy	4507	1127	3	0.7669029415843855	0.8031093875554625
oxygen	within	1	4	prevalence	4508	1126	3	0.3333333333333333	0.2783238489394723
oxygen	within	1	4	taxonomy	4508	1126	3	0.7741838767351988	0.8159133368138751
oxygen	within	2	0	prevalence	4507	1127	3	0.3333333333333333	0.2739153162571877
oxygen	within	2	0	taxonomy	4507	1127	3	0.7589247464198946	0.806046640700106
oxygen	within	2	1	prevalence	4507	1127	3	0.3333333333333333	0.2728860936408106
oxygen	within	2	1	taxonomy	4507	1127	3	0.7743861743903976	0.8081695536175246
oxygen	within	2	2	prevalence	4507	1127	3	0.3333333333333333	0.27412051549982586
oxygen	within	2	2	taxonomy	4507	1127	3	0.7659517667141555	0.7953628573362467
oxygen	within	2	3	prevalence	4507	1127	3	0.3333333333333333	0.27412051549982586
oxygen	within	2	3	taxonomy	4507	1127	3	0.7832082123557732	0.8114947469117011
oxygen	within	2	4	prevalence	4508	1126	3	0.3333333333333333	0.2715789473684211
oxygen	within	2	4	taxonomy	4508	1126	3	0.7840226630924305	0.820814886001549
oxygen	within	3	0	prevalence	4507	1127	3	0.3333333333333333	0.2712280701754386
oxygen	within	3	0	taxonomy	4507	1127	3	0.7841567790779616	0.8217112056119483
oxygen	within	3	1	prevalence	4507	1127	3	0.3333333333333333	0.27534722222222224
oxygen	within	3	1	taxonomy	4507	1127	3	0.7890333493119347	0.8227216104925409
oxygen	within	3	2	prevalence	4507	1127	3	0.3333333333333333	0.2712280701754386
oxygen	within	3	2	taxonomy	4507	1127	3	0.7587590198337462	0.7951407893936628
oxygen	within	3	3	prevalence	4507	1127	3	0.3333333333333333	0.2691358024691358
oxygen	within	3	3	taxonomy	4507	1127	3	0.7823598121159864	0.8140043582851079
oxygen	within	3	4	prevalence	4508	1126	3	0.3333333333333333	0.27952552862300156
oxygen	within	3	4	taxonomy	4508	1126	3	0.7762986625954916	0.8075101978913349
oxygen	within	4	0	prevalence	4507	1127	3	0.3333333333333333	0.27226596675415576
oxygen	within	4	0	taxonomy	4507	1127	3	0.7813538112238301	0.8153766388545303
oxygen	within	4	1	prevalence	4507	1127	3	0.3333333333333333	0.2765662859120803
oxygen	within	4	1	taxonomy	4507	1127	3	0.7484784666730849	0.7938339438339438
oxygen	within	4	2	prevalence	4507	1127	3	0.3333333333333333	0.27616077616077617
oxygen	within	4	2	taxonomy	4507	1127	3	0.7987351854705308	0.8241306514262807
oxygen	within	4	3	prevalence	4507	1127	3	0.3333333333333333	0.2682926829268293
oxygen	within	4	3	taxonomy	4507	1127	3	0.791969815957822	0.824844044258434
oxygen	within	4	4	prevalence	4508	1126	3	0.3333333333333333	0.27323549965059396
oxygen	within	4	4	taxonomy	4508	1126	3	0.7587565582484292	0.7924840841815012
oxygen	genus	0	0	prevalence	4507	1127	3	0.3333333333333333	0.28527918781725886
oxygen	genus	0	0	taxonomy	4507	1127	3	0.706708528591442	0.7506721514611229
oxygen	genus	0	1	prevalence	4507	1127	3	0.3333333333333333	0.269765803838704
oxygen	genus	0	1	taxonomy	4507	1127	3	0.7159843526786495	0.7526230440484131
oxygen	genus	0	2	prevalence	4507	1127	3	0.3333333333333333	0.26032089417703264
oxygen	genus	0	2	taxonomy	4507	1127	3	0.7812146993629789	0.8101358446810032
oxygen	genus	0	3	prevalence	4507	1127	3	0.3333333333333333	0.271436086270384
oxygen	genus	0	3	taxonomy	4507	1127	3	0.7656005258624597	0.8064585094720601
oxygen	genus	0	4	prevalence	4508	1126	3	0.3333333333333333	0.27892561983471076
oxygen	genus	0	4	taxonomy	4508	1126	3	0.7352448236012571	0.7570002171842188
oxygen	genus	1	0	prevalence	4507	1127	3	0.3333333333333333	0.28450322143099355
oxygen	genus	1	0	taxonomy	4507	1127	3	0.7005321848241772	0.7477547526151085
oxygen	genus	1	1	prevalence	4507	1127	3	0.3333333333333333	0.269765803838704
oxygen	genus	1	1	taxonomy	4507	1127	3	0.7079331873737685	0.7473044241321932
oxygen	genus	1	2	prevalence	4507	1127	3	0.3333333333333333	0.25722070844686645
oxygen	genus	1	2	taxonomy	4507	1127	3	0.7664228678430102	0.8140443274083826
oxygen	genus	1	3	prevalence	4507	1127	3	0.3333333333333333	0.2773747841105354
oxygen	genus	1	3	taxonomy	4507	1127	3	0.7669926619646154	0.7796041318814194
oxygen	genus	1	4	prevalence	4508	1126	3	0.3333333333333333	0.27670995670995674
oxygen	genus	1	4	taxonomy	4508	1126	3	0.7283188571839325	0.7633201252243218
oxygen	genus	2	0	prevalence	4507	1127	3	0.3333333333333333	0.2825494205862304
oxygen	genus	2	0	taxonomy	4507	1127	3	0.6603515777505825	0.7019091269292076
oxygen	genus	2	1	prevalence	4507	1127	3	0.3333333333333333	0.27185146260290766
oxygen	genus	2	1	taxonomy	4507	1127	3	0.7140819781736618	0.7562280161930083
oxygen	genus	2	2	prevalence	4507	1127	3	0.3333333333333333	0.25429930479326746
oxygen	genus	2	2	taxonomy	4507	1127	3	0.8132305692650094	0.8479161095958786
oxygen	genus	2	3	prevalence	4507	1127	3	0.3333333333333333	0.2775763852925945
oxygen	genus	2	3	taxonomy	4507	1127	3	0.7261184558343623	0.7716085193242552
oxygen	genus	2	4	prevalence	4508	1126	3	0.3333333333333333	0.2791257959043194
oxygen	genus	2	4	taxonomy	4508	1126	3	0.7489495288647459	0.7763905188393876
oxygen	genus	3	0	prevalence	4507	1127	3	0.3333333333333333	0.2862447257383966
oxygen	genus	3	0	taxonomy	4507	1127	3	0.7466845285170898	0.7710438725578168
oxygen	genus	3	1	prevalence	4507	1127	3	0.3333333333333333	0.26744597945448106
oxygen	genus	3	1	taxonomy	4507	1127	3	0.6806344882292467	0.7189890220334187
oxygen	genus	3	2	prevalence	4507	1127	3	0.3333333333333333	0.24575163398692812
oxygen	genus	3	2	taxonomy	4507	1127	3	0.7746690523342629	0.8138267537488053
oxygen	genus	3	3	prevalence	4507	1127	3	0.3333333333333333	0.2831376552662923
oxygen	genus	3	3	taxonomy	4507	1127	3	0.7086883787945109	0.7531542681201905
oxygen	genus	3	4	prevalence	4508	1126	3	0.3333333333333333	0.2813141683778234
oxygen	genus	3	4	taxonomy	4508	1126	3	0.7775903548767439	0.8115645272133821
oxygen	genus	4	0	prevalence	4507	1127	3	0.3333333333333333	0.2757544224765869
oxygen	genus	4	0	taxonomy	4507	1127	3	0.695725203388621	0.7483799669802697
oxygen	genus	4	1	prevalence	4507	1127	3	0.3333333333333333	0.27060270602706027
oxygen	genus	4	1	taxonomy	4507	1127	3	0.7547485538478989	0.7862767755529149
oxygen	genus	4	2	prevalence	4507	1127	3	0.3333333333333333	0.2522522522522523
oxygen	genus	4	2	taxonomy	4507	1127	3	0.7725476835311671	0.8049778261551314
oxygen	genus	4	3	prevalence	4507	1127	3	0.3333333333333333	0.2809719370294319
oxygen	genus	4	3	taxonomy	4507	1127	3	0.7165385561642922	0.7540771668400336
oxygen	genus	4	4	prevalence	4508	1126	3	0.3333333333333333	0.2854240731335703
oxygen	genus	4	4	taxonomy	4508	1126	3	0.7603650445182789	0.7890368411547312
oxygen	order	0	0	prevalence	4507	1127	3	0.3333333333333333	0.29764243614931235
oxygen	order	0	0	taxonomy	4507	1127	3	0.45406585171974756	0.489090115358601
oxygen	order	0	1	prevalence	4507	1127	3	0.3333333333333333	0.2522522522522523
oxygen	order	0	1	taxonomy	4507	1127	3	0.4537835147064368	0.4310895483678037
oxygen	order	0	2	prevalence	4507	1127	3	0.3333333333333333	0.26934602503084787
oxygen	order	0	2	taxonomy	4507	1127	3	0.4635465708264607	0.4530904175329109
oxygen	order	0	3	prevalence	4507	1127	3	0.3333333333333333	0.25179458862506904
oxygen	order	0	3	taxonomy	4507	1127	3	0.5161290322580645	0.49559541362451176
oxygen	order	0	4	prevalence	4508	1126	3	0.3333333333333333	0.2909576242909576
oxygen	order	0	4	taxonomy	4508	1126	3	0.5522875816993463	0.5659777131574665
oxygen	order	1	0	prevalence	4507	1127	3	0.3333333333333333	0.2987267384916748
oxygen	order	1	0	taxonomy	4507	1127	3	0.45433164861759906	0.49663998388533886
oxygen	order	1	1	prevalence	4507	1127	3	0.3333333333333333	0.25429930479326746
oxygen	order	1	1	taxonomy	4507	1127	3	0.42715830378886777	0.4079033584346961
oxygen	order	1	2	prevalence	4507	1127	3	0.3333333333333333	0.2665956691515797
oxygen	order	1	2	taxonomy	4507	1127	3	0.48343011594709234	0.48555404112714057
oxygen	order	1	3	prevalence	4507	1127	3	0.3333333333333333	0.2501847745750185
oxygen	order	1	3	taxonomy	4507	1127	3	0.5081201691246005	0.48229287090558765
oxygen	order	1	4	prevalence	4508	1126	3	0.3333333333333333	0.29189549009818605
oxygen	order	1	4	taxonomy	4508	1126	3	0.5009406543016974	0.5304578036724296
oxygen	order	2	0	prevalence	4507	1127	3	0.3333333333333333	0.2990867579908676
oxygen	order	2	0	taxonomy	4507	1127	3	0.452809417448518	0.4918941570881226
oxygen	order	2	1	prevalence	4507	1127	3	0.3333333333333333	0.25407285374336447
oxygen	order	2	1	taxonomy	4507	1127	3	0.4710815950141051	0.4537713756550155
oxygen	order	2	2	prevalence	4507	1127	3	0.3333333333333333	0.2646691635455681
oxygen	order	2	2	taxonomy	4507	1127	3	0.48958619867429204	0.491492596392151
oxygen	order	2	3	prevalence	4507	1127	3	0.3333333333333333	0.24925925925925926
oxygen	order	2	3	taxonomy	4507	1127	3	0.5202507992255393	0.4928610026147915
oxygen	order	2	4	prevalence	4508	1126	3	0.3333333333333333	0.2941273779983457
oxygen	order	2	4	taxonomy	4508	1126	3	0.481060606060606	0.5061825308459027
oxygen	order	3	0	prevalence	4507	1127	3	0.3333333333333333	0.29782359679266895
oxygen	order	3	0	taxonomy	4507	1127	3	0.46416945373467117	0.5051262893313102
oxygen	order	3	1	prevalence	4507	1127	3	0.3333333333333333	0.2552026286966046
oxygen	order	3	1	taxonomy	4507	1127	3	0.4326943252265141	0.40537643568011134
oxygen	order	3	2	prevalence	4507	1127	3	0.3333333333333333	0.2646691635455681
oxygen	order	3	2	taxonomy	4507	1127	3	0.4885925141132907	0.48703087647429283
oxygen	order	3	3	prevalence	4507	1127	3	0.3333333333333333	0.24786324786324787
oxygen	order	3	3	taxonomy	4507	1127	3	0.518796992481203	0.4958570128727197
oxygen	order	3	4	prevalence	4508	1126	3	0.3333333333333333	0.29560059317844783
oxygen	order	3	4	taxonomy	4508	1126	3	0.5163025396611625	0.5350567403560014
oxygen	order	4	0	prevalence	4507	1127	3	0.3333333333333333	0.29854646415155967
oxygen	order	4	0	taxonomy	4507	1127	3	0.4513778541292262	0.4942881736120055
oxygen	order	4	1	prevalence	4507	1127	3	0.3333333333333333	0.2527089072543618
oxygen	order	4	1	taxonomy	4507	1127	3	0.42298104122130803	0.3968324581450661
oxygen	order	4	2	prevalence	4507	1127	3	0.3333333333333333	0.26702127659574465
oxygen	order	4	2	taxonomy	4507	1127	3	0.5050764131810722	0.5073721770371499
oxygen	order	4	3	prevalence	4507	1127	3	0.3333333333333333	0.24995378073581068
oxygen	order	4	3	taxonomy	4507	1127	3	0.5258226928267414	0.5036142508925994
oxygen	order	4	4	prevalence	4508	1126	3	0.3333333333333333	0.29320066334991707
oxygen	order	4	4	taxonomy	4508	1126	3	0.5159608280324393	0.5403185618443492
temperature	within	0	0	prevalence	4507	1127	3	0.3333333333333333	0.32546170148349984
temperature	within	0	0	taxonomy	4507	1127	3	0.4140139913027037	0.4524223887883749
temperature	within	0	1	prevalence	4507	1127	3	0.3333333333333333	0.32499621039866605
temperature	within	0	1	taxonomy	4507	1127	3	0.39999999999999997	0.4371451743714518
temperature	within	0	2	prevalence	4507	1127	3	0.3333333333333333	0.32685059550731194
temperature	within	0	2	taxonomy	4507	1127	3	0.4031178948153118	0.4359540589372695
temperature	within	0	3	prevalence	4507	1127	3	0.3333333333333333	0.32623470774807434
temperature	within	0	3	taxonomy	4507	1127	3	0.42857142857142855	0.4758677658085942
temperature	within	0	4	prevalence	4508	1126	3	0.3333333333333333	0.32653677692191513
temperature	within	0	4	taxonomy	4508	1126	3	0.39412012918512745	0.426557992759375
temperature	within	1	0	prevalence	4507	1127	3	0.3333333333333333	0.3245294474802672
temperature	within	1	0	taxonomy	4507	1127	3	0.34146341463414637	0.34055031275987996
temperature	within	1	1	prevalence	4507	1127	3	0.3333333333333333	0.32746425884123403
temperature	within	1	1	taxonomy	4507	1127	3	0.43148602033405953	0.47248881534595827
temperature	within	1	2	prevalence	4507	1127	3	0.3333333333333333	0.3263888888888889
temperature	within	1	2	taxonomy	4507	1127	3	0.36018604173090757	0.3751504545018202
temperature	within	1	3	prevalence	4507	1127	3	0.3333333333333333	0.3263888888888889
temperature	within	1	3	taxonomy	4507	1127	3	0.40709905094733956	0.445940073770906
temperature	within	1	4	prevalence	4508	1126	3	0.3333333333333333	0.3252993785053812
temperature	within	1	4	taxonomy	4508	1126	3	0.4358866255417979	0.4789698605488079
temperature	within	2	0	prevalence	4507	1127	3	0.3333333333333333	0.3239051094890511
temperature	within	2	0	taxonomy	4507	1127	3	0.37121212121212116	0.3926728441719624
temperature	within	2	1	prevalence	4507	1127	3	0.3333333333333333	0.32685059550731194
temperature	within	2	1	taxonomy	4507	1127	3	0.3811229288763476	0.40634055620431647
temperature	within	2	2	prevalence	4507	1127	3	0.3333333333333333	0.32623470774807434
temperature	within	2	2	taxonomy	4507	1127	3	0.43243243243243246	0.48064663023679416
temperature	within	2	3	prevalence	4507	1127	3	0.3333333333333333	0.3263888888888889
temperature	within	2	3	taxonomy	4507	1127	3	0.4377868816351702	0.4872891423140889
temperature	within	2	4	prevalence	4508	1126	3	0.3333333333333333	0.32669082125603865
temperature	within	2	4	taxonomy	4508	1126	3	0.4258510474430068	0.46074411541381927
temperature	within	3	0	prevalence	4507	1127	3	0.3333333333333333	0.3263888888888889
temperature	within	3	0	taxonomy	4507	1127	3	0.3803356680322452	0.406186221270274
temperature	within	3	1	prevalence	4507	1127	3	0.3333333333333333	0.3257713248638839
temperature	within	3	1	taxonomy	4507	1127	3	0.39938099659548126	0.4350267521322244
temperature	within	3	2	prevalence	4507	1127	3	0.3333333333333333	0.3266968325791855
temperature	within	3	2	taxonomy	4507	1127	3	0.43456961116240894	0.4808008395286502
temperature	within	3	3	prevalence	4507	1127	3	0.3333333333333333	0.3265429304360948
temperature	within	3	3	taxonomy	4507	1127	3	0.3949091189155884	0.4245306725794531
temperature	within	3	4	prevalence	4508	1126	3	0.3333333333333333	0.3246772968868641
temperature	within	3	4	taxonomy	4508	1126	3	0.42330697054738214	0.461587104131032
temperature	within	4	0	prevalence	4507	1127	3	0.3333333333333333	0.3257713248638839
temperature	within	4	0	taxonomy	4507	1127	3	0.36813136256033197	0.38500303582270795
temperature	within	4	1	prevalence	4507	1127	3	0.3333333333333333	0.32546170148349984
temperature	within	4	1	taxonomy	4507	1127	3	0.3928523156430133	0.42563535625852583
temperature	within	4	2	prevalence	4507	1127	3	0.3333333333333333	0.32608038682381385
temperature	within	4	2	taxonomy	4507	1127	3	0.42530806988638314	0.4661450420338296
temperature	within	4	3	prevalence	4507	1127	3	0.3333333333333333	0.3259259259259259
temperature	within	4	3	taxonomy	4507	1127	3	0.3830241187384045	0.4117669835246743
temperature	within	4	4	prevalence	4508	1126	3	0.3333333333333333	0.3268447261204165
temperature	within	4	4	taxonomy	4508	1126	3	0.44352108341028007	0.4865990111891751
temperature	genus	0	0	prevalence	4507	1127	3	0.3333333333333333	0.3265429304360948
temperature	genus	0	0	taxonomy	4507	1127	3	0.3746919285274184	0.3995934397757998
temperature	genus	0	1	prevalence	4507	1127	3	0.3333333333333333	0.3259259259259259
temperature	genus	0	1	taxonomy	4507	1127	3	0.40952380952380957	0.4511437372315314
temperature	genus	0	2	prevalence	4507	1127	3	0.3333333333333333	0.32685059550731194
temperature	genus	0	2	taxonomy	4507	1127	3	0.37901462347956816	0.40480310640273504
temperature	genus	0	3	prevalence	4507	1127	3	0.3333333333333333	0.3239051094890511
temperature	genus	0	3	taxonomy	4507	1127	3	0.3846153846153846	0.41368303344515606
temperature	genus	0	4	prevalence	4508	1126	3	0.3333333333333333	0.3268447261204165
temperature	genus	0	4	taxonomy	4508	1126	3	0.43503770390889507	0.46042902784116846
temperature	genus	1	0	prevalence	4507	1127	3	0.3333333333333333	0.3270042194092827
temperature	genus	1	0	taxonomy	4507	1127	3	0.41053582723411947	0.4435177865612648
temperature	genus	1	1	prevalence	4507	1127	3	0.3333333333333333	0.32515151515151514
temperature	genus	1	1	taxonomy	4507	1127	3	0.3818031656551421	0.40921872625019
temperature	genus	1	2	prevalence	4507	1127	3	0.3333333333333333	0.32499621039866605
temperature	genus	1	2	taxonomy	4507	1127	3	0.3689433268440407	0.3883188725152642
temperature	genus	1	3	prevalence	4507	1127	3	0.3333333333333333	0.3265429304360948
temperature	genus	1	3	taxonomy	4507	1127	3	0.4520728809083707	0.49881399562928225
temperature	genus	1	4	prevalence	4508	1126	3	0.3333333333333333	0.3263825929283772
temperature	genus	1	4	taxonomy	4508	1126	3	0.4132154882154882	0.4483191827155381
temperature	genus	2	0	prevalence	4507	1127	3	0.3333333333333333	0.3280757097791798
temperature	genus	2	0	taxonomy	4507	1127	3	0.35000000000000003	0.35996965663331765
temperature	genus	2	1	prevalence	4507	1127	3	0.3333333333333333	0.32608038682381385
temperature	genus	2	1	taxonomy	4507	1127	3	0.3615958338849905	0.37765201797899345
temperature	genus	2	2	prevalence	4507	1127	3	0.3333333333333333	0.32561658344681493
temperature	genus	2	2	taxonomy	4507	1127	3	0.38956683368353	0.3931390670870936
temperature	genus	2	3	prevalence	4507	1127	3	0.3333333333333333	0.32515151515151514
temperature	genus	2	3	taxonomy	4507	1127	3	0.38211382113821135	0.41114710008598565
temperature	genus	2	4	prevalence	4508	1126	3	0.3333333333333333	0.32514407036700027
temperature	genus	2	4	taxonomy	4508	1126	3	0.4077114427860697	0.44381685001389676
temperature	genus	3	0	prevalence	4507	1127	3	0.3333333333333333	0.3265429304360948
temperature	genus	3	0	taxonomy	4507	1127	3	0.4064045561272918	0.4061678507712965
temperature	genus	3	1	prevalence	4507	1127	3	0.3333333333333333	0.32499621039866605
temperature	genus	3	1	taxonomy	4507	1127	3	0.38565396700706994	0.41461881589618815
temperature	genus	3	2	prevalence	4507	1127	3	0.3333333333333333	0.3257713248638839
temperature	genus	3	2	taxonomy	4507	1127	3	0.39104766326214796	0.4217377155873739
temperature	genus	3	3	prevalence	4507	1127	3	0.3333333333333333	0.32608038682381385
temperature	genus	3	3	taxonomy	4507	1127	3	0.421295438162908	0.45688464173935595
temperature	genus	3	4	prevalence	4508	1126	3	0.3333333333333333	0.32669082125603865
temperature	genus	3	4	taxonomy	4508	1126	3	0.4050973339328238	0.4436667523446099
temperature	genus	4	0	prevalence	4507	1127	3	0.3333333333333333	0.3257713248638839
temperature	genus	4	0	taxonomy	4507	1127	3	0.3893153973322463	0.41784784409053805
temperature	genus	4	1	prevalence	4507	1127	3	0.3333333333333333	0.32685059550731194
temperature	genus	4	1	taxonomy	4507	1127	3	0.48214361453959365	0.5254457139703042
temperature	genus	4	2	prevalence	4507	1127	3	0.3333333333333333	0.32868496026390764
temperature	genus	4	2	taxonomy	4507	1127	3	0.39080459770114945	0.42746512491380684
temperature	genus	4	3	prevalence	4507	1127	3	0.3333333333333333	0.32437357630979496
temperature	genus	4	3	taxonomy	4507	1127	3	0.3846153846153846	0.41415156591035984
temperature	genus	4	4	prevalence	4508	1126	3	0.3333333333333333	0.32436540507675937
temperature	genus	4	4	taxonomy	4508	1126	3	0.3781630740393627	0.40186586868509067
temperature	order	0	0	prevalence	4507	1127	3	0.3333333333333333	0.3280757097791798
temperature	order	0	0	taxonomy	4507	1127	3	0.35802469135802467	0.3743486849268194
temperature	order	0	1	prevalence	4507	1127	3	0.3333333333333333	0.3245294474802672
temperature	order	0	1	taxonomy	4507	1127	3	0.3619047619047619	0.3776049791601667
temperature	order	0	2	prevalence	4507	1127	3	0.3333333333333333	0.3246851767561827
temperature	order	0	2	taxonomy	4507	1127	3	0.3333333333333333	0.3246851767561827
temperature	order	0	3	prevalence	4507	1127	3	0.3333333333333333	0.32623470774807434
temperature	order	0	3	taxonomy	4507	1127	3	0.3333333333333333	0.32623470774807434
temperature	order	0	4	prevalence	4508	1126	3	0.3333333333333333	0.32653677692191513
temperature	order	0	4	taxonomy	4508	1126	3	0.3333333333333333	0.32653677692191513
temperature	order	1	0	prevalence	4507	1127	3	0.3333333333333333	0.3257713248638839
temperature	order	1	0	taxonomy	4507	1127	3	0.3333333333333333	0.3257713248638839
temperature	order	1	1	prevalence	4507	1127	3	0.3333333333333333	0.3246851767561827
temperature	order	1	1	taxonomy	4507	1127	3	0.3619047619047619	0.3777607190263717
temperature	order	1	2	prevalence	4507	1127	3	0.3333333333333333	0.3257713248638839
temperature	order	1	2	taxonomy	4507	1127	3	0.3333333333333333	0.3257713248638839
temperature	order	1	3	prevalence	4507	1127	3	0.3333333333333333	0.32746425884123403
temperature	order	1	3	taxonomy	4507	1127	3	0.3333333333333333	0.32746425884123403
temperature	order	1	4	prevalence	4508	1126	3	0.3333333333333333	0.3263825929283772
temperature	order	1	4	taxonomy	4508	1126	3	0.3333333333333333	0.3263825929283772
temperature	order	2	0	prevalence	4507	1127	3	0.3333333333333333	0.3288369304556355
temperature	order	2	0	taxonomy	4507	1127	3	0.3333333333333333	0.3288369304556355
temperature	order	2	1	prevalence	4507	1127	3	0.3333333333333333	0.3257713248638839
temperature	order	2	1	taxonomy	4507	1127	3	0.35714285714285715	0.3705116560702392
temperature	order	2	2	prevalence	4507	1127	3	0.3333333333333333	0.322964318389753
temperature	order	2	2	taxonomy	4507	1127	3	0.3320742839156437	0.3223342499236175
temperature	order	2	3	prevalence	4507	1127	3	0.3333333333333333	0.3270042194092827
temperature	order	2	3	taxonomy	4507	1127	3	0.3333333333333333	0.3270042194092827
temperature	order	2	4	prevalence	4508	1126	3	0.3333333333333333	0.32545454545454544
temperature	order	2	4	taxonomy	4508	1126	3	0.3603603603603604	0.375898953117888
temperature	order	3	0	prevalence	4507	1127	3	0.3333333333333333	0.3283806093351343
temperature	order	3	0	taxonomy	4507	1127	3	0.34544789762340034	0.3501403931006819
temperature	order	3	1	prevalence	4507	1127	3	0.3333333333333333	0.32406140750873996
temperature	order	3	1	taxonomy	4507	1127	3	0.35000000000000003	0.35610325067194076
temperature	order	3	2	prevalence	4507	1127	3	0.3333333333333333	0.32312147538484987
temperature	order	3	2	taxonomy	4507	1127	3	0.3333333333333333	0.32312147538484987
temperature	order	3	3	prevalence	4507	1127	3	0.3333333333333333	0.3277702601112615
temperature	order	3	3	taxonomy	4507	1127	3	0.3333333333333333	0.3277702601112615
temperature	order	3	4	prevalence	4508	1126	3	0.3333333333333333	0.32669082125603865
temperature	order	3	4	taxonomy	4508	1126	3	0.36904761904761907	0.39165142759612803
temperature	order	4	0	prevalence	4507	1127	3	0.3333333333333333	0.3263888888888889
temperature	order	4	0	taxonomy	4507	1127	3	0.3333333333333333	0.3263888888888889
temperature	order	4	1	prevalence	4507	1127	3	0.3333333333333333	0.3245294474802672
temperature	order	4	1	taxonomy	4507	1127	3	0.3513513513513513	0.35901331525761787
temperature	order	4	2	prevalence	4507	1127	3	0.3333333333333333	0.3248407643312102
temperature	order	4	2	taxonomy	4507	1127	3	0.3333333333333333	0.3248407643312102
temperature	order	4	3	prevalence	4507	1127	3	0.3333333333333333	0.32868496026390764
temperature	order	4	3	taxonomy	4507	1127	3	0.3859649122807018	0.42003822003822
temperature	order	4	4	prevalence	4508	1126	3	0.3333333333333333	0.32560957140693625
temperature	order	4	4	taxonomy	4508	1126	3	0.3333333333333333	0.32560957140693625
