trait	split	model	n_train_min	n_test_total	scorable_folds	balanced_accuracy	ba_p05	ba_p95	macro_f1	f1_p05	f1_p95
gram	genus	prevalence	4507	5634	25	0.5	0.5	0.5	0.38852976428564284	0.3637081879745537	0.4154463040446304
gram	genus	taxonomy	4507	5634	25	0.9751304302398601	0.9594334053748168	0.9849848045827013	0.9726223265910781	0.9588285677467113	0.9817019241177083
gram	order	prevalence	4507	5634	25	0.5	0.5	0.5	0.38546686793683405	0.3307516443491632	0.4632310136638068
gram	order	taxonomy	4507	5634	25	0.9651657726756752	0.9204779354436302	0.9890122490958949	0.9652478057506088	0.9314971206909781	0.9865182250312382
gram	within	prevalence	4507	5634	25	0.5	0.5	0.5	0.38896512428496505	0.3825076904590243	0.39751940219034065
gram	within	taxonomy	4507	5634	25	0.9752116248019194	0.9710014730178961	0.9820903216925062	0.9722793002664338	0.9671365453201106	0.9786315738043754
motility	genus	prevalence	4507	5634	25	0.5	0.5	0.5	0.36416943315324557	0.34544554312532244	0.3806748232504974
motility	genus	taxonomy	4507	5634	25	0.7612697130795765	0.7303537457324353	0.7967327950381434	0.7594796816248255	0.7309877654513112	0.7941691020042851
motility	order	prevalence	4507	5634	25	0.5	0.5	0.5	0.3586186304121469	0.27318148779766754	0.44124938026772437
motility	order	taxonomy	4507	5634	25	0.6219005027807056	0.5129824870810221	0.7838404512774322	0.6075526314335032	0.4863321899419437	0.7833152992689896
motility	within	prevalence	4507	5634	25	0.5	0.5	0.5	0.3643499488542173	0.35724864010089336	0.3734278570122792
motility	within	taxonomy	4507	5634	25	0.793233312263045	0.7756519405121237	0.8154224734951454	0.7920278971329098	0.7761208717743985	0.8151832812838705
oxygen	genus	prevalence	4507	5634	25	0.33333333333333326	0.3333333333333333	0.3333333333333333	0.27302415957589155	0.2526616627604553	0.28539509607030805
oxygen	genus	taxonomy	4507	5634	25	0.7370350657350706	0.6836526312611215	0.780489830465732	0.7733718735738669	0.7246521024531737	0.8140008126764672
oxygen	order	prevalence	4507	5634	25	0.33333333333333326	0.3333333333333333	0.3333333333333333	0.2723000255263801	0.24939816355456954	0.29869068362365175
oxygen	order	taxonomy	4507	5634	25	0.48281426856082404	0.428265508076397	0.524708314106501	0.485790636196323	0.4058818202310283	0.5392661975466796
oxygen	within	prevalence	4507	5634	25	0.33333333333333326	0.3333333333333333	0.3333333333333333	0.27330314756026314	0.2691358024691358	0.2792851926862957
oxygen	within	taxonomy	4507	5634	25	0.7740781203884889	0.7536214334518071	0.7915488761980188	0.8087660639840729	0.7912896534092055	0.8247013656920034
shape	genus	prevalence	4507	5634	25	0.33333333333333326	0.3333333333333333	0.3333333333333333	0.3058954163389003	0.29676409487543165	0.3121101316850149
shape	genus	taxonomy	4507	5634	25	0.41258326744956014	0.37012599185043393	0.45460608029099914	0.43895236218962874	0.3762691294757319	0.5076187733925471
shape	order	prevalence	4507	5634	25	0.33333333333333326	0.3333333333333333	0.3333333333333333	0.30577630456131566	0.2951241077102279	0.3154118788621623
shape	order	taxonomy	4507	5634	25	0.35138394929193706	0.3323302838317088	0.3742138364779874	0.3410314794726312	0.3049051056104985	0.3892033958847232
shape	within	prevalence	4507	5634	25	0.33333333333333326	0.3333333333333333	0.3333333333333333	0.3059587575719855	0.30443309712994193	0.3078637376631646
shape	within	taxonomy	4507	5634	25	0.5316300933964416	0.50331461375417	0.5708165627644438	0.5873823103812843	0.5576899239218499	0.6309922698140855
spore	genus	prevalence	2064	2580	25	0.5	0.5	0.5	0.4314393069998468	0.40318409734019983	0.45082974186816677
spore	genus	taxonomy	2064	2580	25	0.8950894977990533	0.8592526463071426	0.9364005967786737	0.8925524068929838	0.8368065500959351	0.9368540291707258
spore	order	prevalence	2064	2580	25	0.5	0.5	0.5	0.4176683530141611	0.21076310949813645	0.4838937946475635
spore	order	taxonomy	2064	2580	25	0.6680530749517036	0.4756082841426554	0.9073844742575392	0.5717443487763836	0.2451857990134045	0.8733930296769356
spore	within	prevalence	2064	2580	25	0.5	0.5	0.5	0.4317841034887475	0.42126409508959844	0.4398593566132165
spore	within	taxonomy	2064	2580	25	0.9075589450975693	0.879605510346431	0.938776916545066	0.9074924330451928	0.8787915874579453	0.9337211557360191
temperature	genus	prevalence	4507	5634	25	0.33333333333333326	0.3333333333333333	0.3333333333333333	0.32601370228684856	0.32436703932336647	0.3278614117052004
temperature	genus	taxonomy	4507	5634	25	0.39739932388500065	0.36306533247680056	0.44866584550847555	0.42533669976304567	0.3797853888862476	0.4911370020716594
temperature	order	prevalence	4507	5634	25	0.33333333333333326	0.3333333333333333	0.3333333333333333	0.3260098416591806	0.3233094618096279	0.32862409007815296
temperature	order	taxonomy	4507	5634	25	0.3439956065422459	0.3333333333333333	0.3676190476190476	0.34567296487205224	0.32343421565911645	0.38887328588217673
temperature	within	prevalence	4507	5634	25	0.33333333333333326	0.3333333333333333	0.3333333333333333	0.32601529265703794	0.32455901736158654	0.32685059550731194
temperature	within	taxonomy	4507	5634	25	0.4043875729661368	0.36177510589679246	0.43740683041649575	0.43808084817615867	0.37712097076599777	0.4854393768570701
